-- phpMyAdmin SQL Dump
-- version 4.4.14
-- http://www.phpmyadmin.net
--
-- Host: localhost
-- Generation Time: Oct 21, 2015 at 01:30 AM
-- Server version: 5.6.26
-- PHP Version: 5.6.12

SET SQL_MODE = "NO_AUTO_VALUE_ON_ZERO";
SET time_zone = "+00:00";


/*!40101 SET @OLD_CHARACTER_SET_CLIENT=@@CHARACTER_SET_CLIENT */;
/*!40101 SET @OLD_CHARACTER_SET_RESULTS=@@CHARACTER_SET_RESULTS */;
/*!40101 SET @OLD_COLLATION_CONNECTION=@@COLLATION_CONNECTION */;
/*!40101 SET NAMES utf8mb4 */;

--
-- Database: `kdpdb`
--

-- --------------------------------------------------------

--
-- Table structure for table `tb_group`
--

CREATE TABLE IF NOT EXISTS `tb_group` (
  `id` int(11) NOT NULL,
  `group_name` varchar(100) COLLATE utf8_unicode_ci NOT NULL,
  `group_desc` varchar(200) COLLATE utf8_unicode_ci NOT NULL,
  `group_link` varchar(200) COLLATE utf8_unicode_ci NOT NULL,
  `member_prefix` varchar(10) COLLATE utf8_unicode_ci NOT NULL
) ENGINE=InnoDB AUTO_INCREMENT=2 DEFAULT CHARSET=utf8 COLLATE=utf8_unicode_ci;

--
-- Dumping data for table `tb_group`
--

INSERT INTO `tb_group` (`id`, `group_name`, `group_desc`, `group_link`, `member_prefix`) VALUES
(1, 'ศิษย์หลวงปู่นาม วัดน้อยชมภู่', 'ศิษย์หลวงปู่นาม วัดน้อยชมภู่', 'https://www.facebook.com/groups/sitluangpoonham/', 'N');

-- --------------------------------------------------------

--
-- Table structure for table `tb_group_member_mapping`
--

CREATE TABLE IF NOT EXISTS `tb_group_member_mapping` (
  `id` int(11) NOT NULL,
  `group_id` int(11) NOT NULL,
  `member_id` int(11) NOT NULL,
  `member_num` int(11) NOT NULL
) ENGINE=InnoDB AUTO_INCREMENT=1062 DEFAULT CHARSET=utf8 COLLATE=utf8_unicode_ci;

--
-- Dumping data for table `tb_group_member_mapping`
--

INSERT INTO `tb_group_member_mapping` (`id`, `group_id`, `member_id`, `member_num`) VALUES
(3, 1, 1, 10),
(4, 1, 2, 11),
(5, 1, 3, 12),
(6, 1, 4, 13),
(7, 1, 5, 14),
(8, 1, 6, 15),
(9, 1, 7, 16),
(10, 1, 8, 17),
(11, 1, 9, 18),
(12, 1, 10, 19),
(13, 1, 11, 20),
(14, 1, 12, 21),
(15, 1, 13, 22),
(16, 1, 14, 23),
(17, 1, 15, 24),
(18, 1, 16, 25),
(19, 1, 17, 26),
(20, 1, 18, 27),
(21, 1, 19, 28),
(22, 1, 20, 29),
(23, 1, 21, 30),
(24, 1, 22, 31),
(25, 1, 23, 32),
(26, 1, 24, 33),
(27, 1, 25, 34),
(28, 1, 26, 35),
(29, 1, 27, 36),
(30, 1, 28, 37),
(31, 1, 29, 38),
(32, 1, 30, 39),
(33, 1, 31, 40),
(34, 1, 32, 41),
(35, 1, 33, 42),
(36, 1, 34, 43),
(37, 1, 35, 44),
(38, 1, 36, 45),
(39, 1, 37, 46),
(40, 1, 38, 47),
(41, 1, 39, 48),
(42, 1, 40, 49),
(43, 1, 41, 50),
(44, 1, 42, 51),
(45, 1, 43, 52),
(46, 1, 44, 53),
(47, 1, 45, 54),
(48, 1, 46, 55),
(49, 1, 47, 56),
(50, 1, 48, 57),
(51, 1, 49, 58),
(52, 1, 50, 59),
(53, 1, 51, 60),
(54, 1, 52, 61),
(55, 1, 53, 62),
(56, 1, 54, 63),
(57, 1, 55, 64),
(58, 1, 56, 65),
(59, 1, 57, 66),
(60, 1, 58, 67),
(61, 1, 59, 68),
(62, 1, 60, 69),
(63, 1, 61, 70),
(64, 1, 62, 71),
(65, 1, 63, 72),
(66, 1, 64, 73),
(67, 1, 65, 74),
(68, 1, 66, 75),
(69, 1, 67, 76),
(70, 1, 68, 77),
(71, 1, 69, 78),
(72, 1, 70, 79),
(73, 1, 71, 80),
(74, 1, 72, 81),
(75, 1, 73, 82),
(76, 1, 74, 83),
(77, 1, 75, 84),
(78, 1, 76, 85),
(79, 1, 77, 86),
(80, 1, 78, 87),
(81, 1, 79, 88),
(82, 1, 80, 89),
(83, 1, 81, 90),
(84, 1, 82, 91),
(85, 1, 83, 92),
(86, 1, 84, 93),
(87, 1, 85, 94),
(88, 1, 86, 95),
(89, 1, 87, 96),
(90, 1, 88, 97),
(91, 1, 89, 98),
(92, 1, 90, 99),
(93, 1, 91, 100),
(94, 1, 92, 101),
(95, 1, 93, 102),
(96, 1, 94, 103),
(97, 1, 95, 104),
(98, 1, 96, 105),
(99, 1, 97, 106),
(100, 1, 98, 107),
(101, 1, 99, 108),
(102, 1, 100, 109),
(103, 1, 101, 110),
(104, 1, 102, 111),
(105, 1, 103, 112),
(106, 1, 104, 113),
(107, 1, 105, 114),
(108, 1, 106, 115),
(109, 1, 107, 116),
(110, 1, 108, 117),
(111, 1, 109, 118),
(112, 1, 110, 119),
(113, 1, 111, 120),
(114, 1, 112, 121),
(115, 1, 113, 122),
(116, 1, 114, 123),
(117, 1, 115, 124),
(118, 1, 116, 125),
(119, 1, 117, 126),
(120, 1, 118, 127),
(121, 1, 119, 128),
(122, 1, 120, 129),
(123, 1, 121, 130),
(124, 1, 122, 131),
(125, 1, 123, 132),
(126, 1, 124, 133),
(127, 1, 125, 134),
(128, 1, 126, 135),
(129, 1, 127, 136),
(130, 1, 128, 137),
(131, 1, 129, 138),
(132, 1, 130, 139),
(133, 1, 131, 140),
(134, 1, 132, 141),
(135, 1, 133, 142),
(136, 1, 134, 143),
(137, 1, 135, 144),
(138, 1, 136, 145),
(139, 1, 137, 146),
(140, 1, 138, 147),
(141, 1, 139, 148),
(142, 1, 140, 149),
(143, 1, 141, 150),
(144, 1, 142, 151),
(145, 1, 143, 152),
(146, 1, 144, 153),
(147, 1, 145, 154),
(148, 1, 146, 155),
(149, 1, 147, 156),
(150, 1, 148, 157),
(151, 1, 149, 158),
(152, 1, 150, 159),
(153, 1, 151, 160),
(154, 1, 152, 161),
(155, 1, 153, 162),
(156, 1, 154, 163),
(157, 1, 155, 164),
(158, 1, 156, 165),
(159, 1, 157, 166),
(160, 1, 158, 167),
(161, 1, 159, 168),
(162, 1, 160, 169),
(163, 1, 161, 170),
(164, 1, 162, 171),
(165, 1, 163, 172),
(166, 1, 164, 173),
(167, 1, 165, 174),
(168, 1, 166, 175),
(169, 1, 167, 176),
(170, 1, 168, 177),
(171, 1, 169, 178),
(172, 1, 170, 179),
(173, 1, 171, 180),
(174, 1, 172, 181),
(175, 1, 173, 182),
(176, 1, 174, 183),
(177, 1, 175, 184),
(178, 1, 176, 185),
(179, 1, 177, 186),
(180, 1, 178, 187),
(181, 1, 179, 188),
(182, 1, 180, 189),
(183, 1, 181, 190),
(184, 1, 182, 191),
(185, 1, 183, 192),
(186, 1, 184, 193),
(187, 1, 185, 194),
(188, 1, 186, 195),
(189, 1, 187, 196),
(190, 1, 188, 197),
(191, 1, 189, 198),
(192, 1, 190, 199),
(193, 1, 191, 200),
(194, 1, 192, 201),
(195, 1, 193, 202),
(196, 1, 194, 203),
(197, 1, 195, 204),
(198, 1, 196, 205),
(199, 1, 197, 206),
(200, 1, 198, 207),
(201, 1, 199, 208),
(202, 1, 200, 209),
(203, 1, 201, 210),
(204, 1, 202, 211),
(205, 1, 203, 212),
(206, 1, 204, 213),
(207, 1, 205, 214),
(208, 1, 206, 215),
(209, 1, 207, 216),
(210, 1, 208, 217),
(211, 1, 209, 218),
(212, 1, 210, 219),
(213, 1, 211, 220),
(214, 1, 212, 221),
(215, 1, 213, 222),
(216, 1, 214, 223),
(217, 1, 215, 224),
(218, 1, 216, 225),
(219, 1, 217, 226),
(220, 1, 218, 227),
(221, 1, 219, 228),
(222, 1, 220, 229),
(223, 1, 221, 230),
(224, 1, 222, 231),
(225, 1, 223, 232),
(226, 1, 224, 233),
(227, 1, 225, 234),
(228, 1, 226, 235),
(229, 1, 227, 236),
(230, 1, 228, 237),
(231, 1, 229, 238),
(232, 1, 230, 239),
(233, 1, 231, 240),
(234, 1, 232, 241),
(235, 1, 233, 242),
(236, 1, 234, 243),
(237, 1, 235, 244),
(238, 1, 236, 245),
(239, 1, 237, 246),
(240, 1, 238, 247),
(241, 1, 239, 248),
(242, 1, 240, 249),
(243, 1, 241, 250),
(244, 1, 242, 251),
(245, 1, 243, 252),
(246, 1, 244, 253),
(247, 1, 245, 254),
(248, 1, 246, 255),
(249, 1, 247, 256),
(250, 1, 248, 257),
(251, 1, 249, 258),
(252, 1, 250, 259),
(253, 1, 251, 260),
(254, 1, 252, 261),
(255, 1, 253, 262),
(256, 1, 254, 263),
(257, 1, 255, 264),
(258, 1, 256, 265),
(259, 1, 257, 266),
(260, 1, 258, 267),
(261, 1, 259, 268),
(262, 1, 260, 269),
(263, 1, 261, 270),
(264, 1, 262, 271),
(265, 1, 263, 272),
(266, 1, 264, 273),
(267, 1, 265, 274),
(268, 1, 266, 275),
(269, 1, 267, 276),
(270, 1, 268, 277),
(271, 1, 269, 278),
(272, 1, 270, 279),
(273, 1, 271, 280),
(274, 1, 272, 281),
(275, 1, 273, 282),
(276, 1, 274, 283),
(277, 1, 275, 284),
(278, 1, 276, 285),
(279, 1, 277, 286),
(280, 1, 278, 287),
(281, 1, 279, 288),
(282, 1, 280, 289),
(283, 1, 281, 290),
(284, 1, 282, 291),
(285, 1, 283, 292),
(286, 1, 284, 293),
(287, 1, 285, 294),
(288, 1, 286, 295),
(289, 1, 287, 296),
(290, 1, 288, 297),
(291, 1, 289, 298),
(292, 1, 290, 299),
(293, 1, 291, 300),
(294, 1, 292, 301),
(295, 1, 293, 302),
(296, 1, 294, 303),
(297, 1, 295, 304),
(298, 1, 296, 305),
(299, 1, 297, 306),
(300, 1, 298, 307),
(301, 1, 299, 308),
(302, 1, 300, 309),
(303, 1, 301, 310),
(304, 1, 302, 311),
(305, 1, 303, 312),
(306, 1, 304, 313),
(307, 1, 305, 314),
(308, 1, 306, 315),
(309, 1, 307, 316),
(310, 1, 308, 317),
(311, 1, 309, 318),
(312, 1, 310, 319),
(313, 1, 311, 320),
(314, 1, 312, 321),
(315, 1, 313, 322),
(316, 1, 314, 323),
(317, 1, 315, 324),
(318, 1, 316, 325),
(319, 1, 317, 326),
(320, 1, 318, 327),
(321, 1, 319, 328),
(322, 1, 320, 329),
(323, 1, 321, 330),
(324, 1, 322, 331),
(325, 1, 323, 332),
(326, 1, 324, 333),
(327, 1, 325, 334),
(328, 1, 326, 335),
(329, 1, 327, 336),
(330, 1, 328, 337),
(331, 1, 329, 338),
(332, 1, 330, 339),
(333, 1, 331, 340),
(334, 1, 332, 341),
(335, 1, 333, 342),
(336, 1, 334, 343),
(337, 1, 335, 344),
(338, 1, 336, 345),
(339, 1, 337, 346),
(340, 1, 338, 347),
(341, 1, 339, 348),
(342, 1, 340, 349),
(343, 1, 341, 350),
(344, 1, 342, 351),
(345, 1, 343, 352),
(346, 1, 344, 353),
(347, 1, 345, 354),
(348, 1, 346, 355),
(349, 1, 347, 356),
(350, 1, 348, 357),
(351, 1, 349, 358),
(352, 1, 350, 359),
(353, 1, 351, 360),
(354, 1, 352, 361),
(355, 1, 353, 362),
(356, 1, 354, 363),
(357, 1, 355, 364),
(358, 1, 356, 365),
(359, 1, 357, 366),
(360, 1, 358, 367),
(361, 1, 359, 368),
(362, 1, 360, 369),
(363, 1, 361, 370),
(364, 1, 362, 371),
(365, 1, 363, 372),
(366, 1, 364, 373),
(367, 1, 365, 374),
(368, 1, 366, 375),
(369, 1, 367, 376),
(370, 1, 368, 377),
(371, 1, 369, 378),
(372, 1, 370, 379),
(373, 1, 371, 380),
(374, 1, 372, 381),
(375, 1, 373, 382),
(376, 1, 374, 383),
(377, 1, 375, 384),
(378, 1, 376, 385),
(379, 1, 377, 386),
(380, 1, 378, 387),
(381, 1, 379, 388),
(382, 1, 380, 389),
(383, 1, 381, 390),
(384, 1, 382, 391),
(385, 1, 383, 392),
(386, 1, 384, 393),
(387, 1, 385, 394),
(388, 1, 386, 395),
(389, 1, 387, 396),
(390, 1, 388, 397),
(391, 1, 389, 398),
(392, 1, 390, 399),
(393, 1, 391, 400),
(394, 1, 392, 401),
(395, 1, 393, 402),
(396, 1, 394, 403),
(397, 1, 395, 404),
(398, 1, 396, 405),
(399, 1, 397, 406),
(400, 1, 398, 407),
(401, 1, 399, 408),
(402, 1, 400, 409),
(403, 1, 401, 410),
(404, 1, 402, 411),
(405, 1, 403, 412),
(406, 1, 404, 413),
(407, 1, 405, 414),
(408, 1, 406, 415),
(409, 1, 407, 416),
(410, 1, 408, 417),
(411, 1, 409, 418),
(412, 1, 410, 418),
(413, 1, 411, 419),
(414, 1, 412, 420),
(415, 1, 413, 421),
(416, 1, 414, 422),
(417, 1, 415, 423),
(418, 1, 416, 424),
(419, 1, 417, 425),
(420, 1, 418, 426),
(421, 1, 419, 427),
(422, 1, 420, 428),
(423, 1, 421, 429),
(424, 1, 422, 430),
(425, 1, 423, 431),
(426, 1, 424, 432),
(427, 1, 425, 433),
(428, 1, 426, 434),
(429, 1, 427, 435),
(430, 1, 428, 436),
(431, 1, 429, 437),
(432, 1, 430, 438),
(433, 1, 431, 439),
(434, 1, 432, 440),
(435, 1, 433, 441),
(436, 1, 434, 442),
(437, 1, 435, 443),
(438, 1, 436, 444),
(439, 1, 437, 445),
(440, 1, 438, 446),
(441, 1, 439, 447),
(442, 1, 440, 448),
(443, 1, 441, 449),
(444, 1, 442, 450),
(445, 1, 443, 451),
(446, 1, 444, 452),
(447, 1, 445, 453),
(448, 1, 446, 454),
(449, 1, 447, 455),
(450, 1, 448, 456),
(451, 1, 449, 457),
(452, 1, 450, 458),
(453, 1, 451, 459),
(454, 1, 452, 460),
(455, 1, 453, 461),
(456, 1, 454, 462),
(457, 1, 455, 463),
(458, 1, 456, 464),
(459, 1, 457, 465),
(460, 1, 458, 466),
(461, 1, 459, 467),
(462, 1, 460, 468),
(463, 1, 461, 469),
(464, 1, 462, 470),
(465, 1, 463, 471),
(466, 1, 464, 472),
(467, 1, 465, 473),
(468, 1, 466, 474),
(469, 1, 467, 475),
(470, 1, 468, 476),
(471, 1, 469, 477),
(472, 1, 470, 478),
(473, 1, 471, 479),
(474, 1, 472, 480),
(475, 1, 473, 481),
(476, 1, 474, 482),
(477, 1, 475, 483),
(478, 1, 476, 484),
(479, 1, 477, 485),
(480, 1, 478, 486),
(481, 1, 479, 487),
(482, 1, 480, 488),
(483, 1, 481, 489),
(484, 1, 482, 490),
(485, 1, 483, 491),
(486, 1, 484, 492),
(487, 1, 485, 493),
(488, 1, 486, 494),
(489, 1, 487, 495),
(490, 1, 488, 496),
(491, 1, 489, 497),
(492, 1, 490, 498),
(493, 1, 491, 499),
(494, 1, 492, 500),
(495, 1, 493, 501),
(496, 1, 494, 502),
(497, 1, 495, 503),
(498, 1, 496, 504),
(499, 1, 497, 505),
(500, 1, 498, 506),
(501, 1, 499, 507),
(502, 1, 500, 508),
(503, 1, 501, 509),
(504, 1, 502, 510),
(505, 1, 503, 511),
(506, 1, 504, 512),
(507, 1, 505, 513),
(508, 1, 506, 514),
(509, 1, 507, 515),
(510, 1, 508, 516),
(511, 1, 509, 517),
(512, 1, 510, 518),
(513, 1, 511, 519),
(514, 1, 512, 520),
(515, 1, 513, 521),
(516, 1, 514, 522),
(517, 1, 515, 523),
(518, 1, 516, 524),
(519, 1, 517, 525),
(520, 1, 518, 526),
(521, 1, 519, 527),
(522, 1, 520, 528),
(523, 1, 521, 529),
(524, 1, 522, 530),
(525, 1, 523, 531),
(526, 1, 524, 532),
(527, 1, 525, 533),
(528, 1, 526, 534),
(529, 1, 527, 535),
(530, 1, 528, 536),
(531, 1, 529, 537),
(532, 1, 530, 538),
(533, 1, 531, 539),
(534, 1, 532, 540),
(535, 1, 533, 541),
(536, 1, 534, 542),
(537, 1, 535, 543),
(538, 1, 536, 544),
(539, 1, 537, 545),
(540, 1, 538, 546),
(541, 1, 539, 547),
(542, 1, 540, 548),
(543, 1, 541, 549),
(544, 1, 542, 550),
(545, 1, 543, 551),
(546, 1, 544, 552),
(547, 1, 545, 553),
(548, 1, 546, 554),
(549, 1, 547, 555),
(550, 1, 548, 556),
(551, 1, 549, 557),
(552, 1, 550, 558),
(553, 1, 551, 559),
(554, 1, 552, 560),
(555, 1, 553, 561),
(556, 1, 554, 562),
(557, 1, 555, 563),
(558, 1, 556, 564),
(559, 1, 557, 565),
(560, 1, 558, 566),
(561, 1, 559, 567),
(562, 1, 560, 568),
(563, 1, 561, 569),
(564, 1, 562, 570),
(565, 1, 563, 571),
(566, 1, 564, 572),
(567, 1, 565, 573),
(568, 1, 566, 574),
(569, 1, 567, 575),
(570, 1, 568, 576),
(571, 1, 569, 577),
(572, 1, 570, 578),
(573, 1, 571, 579),
(574, 1, 572, 580),
(575, 1, 573, 581),
(576, 1, 574, 582),
(577, 1, 575, 583),
(578, 1, 576, 584),
(579, 1, 577, 585),
(580, 1, 578, 586),
(581, 1, 579, 587),
(582, 1, 580, 588),
(583, 1, 581, 589),
(584, 1, 582, 590),
(585, 1, 583, 591),
(586, 1, 584, 592),
(587, 1, 585, 593),
(588, 1, 586, 594),
(589, 1, 587, 595),
(590, 1, 588, 596),
(591, 1, 589, 597),
(592, 1, 590, 598),
(593, 1, 591, 599),
(594, 1, 592, 600),
(595, 1, 593, 601),
(596, 1, 594, 602),
(597, 1, 595, 603),
(598, 1, 596, 604),
(599, 1, 597, 605),
(600, 1, 598, 606),
(601, 1, 599, 607),
(602, 1, 600, 608),
(603, 1, 601, 609),
(604, 1, 602, 610),
(605, 1, 603, 611),
(606, 1, 604, 612),
(607, 1, 605, 613),
(608, 1, 606, 614),
(609, 1, 607, 615),
(610, 1, 608, 616),
(611, 1, 609, 617),
(612, 1, 610, 618),
(613, 1, 611, 619),
(614, 1, 612, 620),
(615, 1, 613, 621),
(616, 1, 614, 622),
(617, 1, 615, 623),
(618, 1, 616, 624),
(619, 1, 617, 625),
(620, 1, 618, 626),
(621, 1, 619, 627),
(622, 1, 620, 628),
(623, 1, 621, 629),
(624, 1, 622, 630),
(625, 1, 623, 631),
(626, 1, 624, 632),
(627, 1, 625, 633),
(628, 1, 626, 634),
(629, 1, 627, 635),
(630, 1, 628, 636),
(631, 1, 629, 637),
(632, 1, 630, 638),
(633, 1, 631, 639),
(634, 1, 632, 640),
(635, 1, 633, 641),
(636, 1, 634, 642),
(637, 1, 635, 643),
(638, 1, 636, 644),
(639, 1, 637, 645),
(640, 1, 638, 646),
(641, 1, 639, 647),
(642, 1, 640, 648),
(643, 1, 641, 649),
(644, 1, 642, 650),
(645, 1, 643, 651),
(646, 1, 644, 652),
(647, 1, 645, 653),
(648, 1, 646, 654),
(649, 1, 647, 655),
(650, 1, 648, 656),
(651, 1, 649, 657),
(652, 1, 650, 658),
(653, 1, 651, 659),
(654, 1, 652, 660),
(655, 1, 653, 661),
(656, 1, 654, 662),
(657, 1, 655, 663),
(658, 1, 656, 664),
(659, 1, 657, 665),
(660, 1, 658, 666),
(661, 1, 659, 667),
(662, 1, 660, 668),
(663, 1, 661, 669),
(664, 1, 662, 670),
(665, 1, 663, 671),
(666, 1, 664, 672),
(667, 1, 665, 673),
(668, 1, 666, 674),
(669, 1, 667, 675),
(670, 1, 668, 676),
(671, 1, 669, 677),
(672, 1, 670, 678),
(673, 1, 671, 679),
(674, 1, 672, 680),
(675, 1, 673, 681),
(676, 1, 674, 682),
(677, 1, 675, 683),
(678, 1, 676, 684),
(679, 1, 677, 685),
(680, 1, 678, 686),
(681, 1, 679, 687),
(682, 1, 680, 688),
(683, 1, 681, 689),
(684, 1, 682, 690),
(685, 1, 683, 691),
(686, 1, 684, 692),
(687, 1, 685, 693),
(688, 1, 686, 694),
(689, 1, 687, 695),
(690, 1, 688, 696),
(691, 1, 689, 697),
(692, 1, 690, 698),
(693, 1, 691, 699),
(694, 1, 692, 700),
(695, 1, 693, 701),
(696, 1, 694, 702),
(697, 1, 695, 703),
(698, 1, 696, 704),
(699, 1, 697, 705),
(700, 1, 698, 706),
(701, 1, 699, 707),
(702, 1, 700, 708),
(703, 1, 701, 709),
(704, 1, 702, 710),
(705, 1, 703, 711),
(706, 1, 704, 712),
(707, 1, 705, 713),
(708, 1, 706, 714),
(709, 1, 707, 715),
(710, 1, 708, 716),
(711, 1, 709, 717),
(712, 1, 710, 718),
(713, 1, 711, 719),
(714, 1, 712, 720),
(715, 1, 713, 721),
(716, 1, 714, 722),
(717, 1, 715, 723),
(718, 1, 716, 724),
(719, 1, 717, 725),
(720, 1, 718, 726),
(721, 1, 719, 727),
(722, 1, 720, 728),
(723, 1, 721, 729),
(724, 1, 722, 730),
(725, 1, 723, 731),
(726, 1, 724, 732),
(727, 1, 725, 733),
(728, 1, 726, 734),
(729, 1, 727, 735),
(730, 1, 728, 736),
(731, 1, 729, 737),
(732, 1, 730, 738),
(733, 1, 731, 739),
(734, 1, 732, 740),
(735, 1, 733, 741),
(736, 1, 734, 742),
(737, 1, 735, 743),
(738, 1, 736, 744),
(739, 1, 737, 745),
(740, 1, 738, 746),
(741, 1, 739, 747),
(742, 1, 740, 748),
(743, 1, 741, 749),
(744, 1, 742, 750),
(745, 1, 743, 751),
(746, 1, 744, 752),
(747, 1, 745, 753),
(748, 1, 746, 754),
(749, 1, 747, 755),
(750, 1, 748, 756),
(751, 1, 749, 757),
(752, 1, 750, 758),
(753, 1, 751, 759),
(754, 1, 752, 760),
(755, 1, 753, 761),
(756, 1, 754, 762),
(757, 1, 755, 763),
(758, 1, 756, 764),
(759, 1, 757, 765),
(760, 1, 758, 766),
(761, 1, 759, 767),
(762, 1, 760, 768),
(763, 1, 761, 769),
(764, 1, 762, 770),
(765, 1, 763, 771),
(766, 1, 764, 772),
(767, 1, 765, 773),
(768, 1, 766, 774),
(769, 1, 767, 775),
(770, 1, 768, 776),
(771, 1, 769, 777),
(772, 1, 770, 778),
(773, 1, 771, 779),
(774, 1, 772, 780),
(775, 1, 773, 781),
(776, 1, 774, 782),
(777, 1, 775, 783),
(778, 1, 776, 784),
(779, 1, 777, 785),
(780, 1, 778, 786),
(781, 1, 779, 787),
(782, 1, 780, 788),
(783, 1, 781, 789),
(784, 1, 782, 790),
(785, 1, 783, 791),
(786, 1, 784, 792),
(787, 1, 785, 793),
(788, 1, 786, 794),
(789, 1, 787, 795),
(790, 1, 788, 796),
(791, 1, 789, 797),
(792, 1, 790, 798),
(793, 1, 791, 799),
(794, 1, 792, 800),
(795, 1, 793, 801),
(796, 1, 794, 802),
(797, 1, 795, 803),
(798, 1, 796, 804),
(799, 1, 797, 805),
(800, 1, 798, 806),
(801, 1, 799, 807),
(802, 1, 800, 808),
(803, 1, 801, 809),
(804, 1, 802, 810),
(805, 1, 803, 811),
(806, 1, 804, 812),
(807, 1, 805, 813),
(808, 1, 806, 814),
(809, 1, 807, 815),
(810, 1, 808, 816),
(811, 1, 809, 817),
(812, 1, 810, 818),
(813, 1, 811, 819),
(814, 1, 812, 820),
(815, 1, 813, 821),
(816, 1, 814, 822),
(817, 1, 815, 823),
(818, 1, 816, 824),
(819, 1, 817, 825),
(820, 1, 818, 826),
(821, 1, 819, 827),
(822, 1, 820, 828),
(823, 1, 821, 829),
(824, 1, 822, 830),
(825, 1, 823, 831),
(826, 1, 824, 832),
(827, 1, 825, 833),
(828, 1, 826, 834),
(829, 1, 827, 835),
(830, 1, 828, 836),
(831, 1, 829, 837),
(832, 1, 830, 838),
(833, 1, 831, 839),
(834, 1, 832, 840),
(835, 1, 833, 841),
(836, 1, 834, 842),
(837, 1, 835, 843),
(838, 1, 836, 844),
(839, 1, 837, 845),
(840, 1, 838, 846),
(841, 1, 839, 847),
(842, 1, 840, 848),
(843, 1, 841, 849),
(844, 1, 842, 850),
(845, 1, 843, 851),
(846, 1, 844, 852),
(847, 1, 845, 853),
(848, 1, 846, 854),
(849, 1, 847, 855),
(850, 1, 848, 856),
(851, 1, 849, 857),
(852, 1, 850, 858),
(853, 1, 851, 859),
(854, 1, 852, 860),
(855, 1, 853, 861),
(856, 1, 854, 862),
(857, 1, 855, 863),
(858, 1, 856, 864),
(859, 1, 857, 865),
(860, 1, 858, 866),
(861, 1, 859, 867),
(862, 1, 860, 868),
(863, 1, 861, 869),
(864, 1, 862, 870),
(865, 1, 863, 871),
(866, 1, 864, 872),
(867, 1, 865, 873),
(868, 1, 866, 874),
(869, 1, 867, 875),
(870, 1, 868, 876),
(871, 1, 869, 877),
(872, 1, 870, 878),
(873, 1, 871, 879),
(874, 1, 872, 880),
(875, 1, 873, 881),
(876, 1, 874, 882),
(877, 1, 875, 883),
(878, 1, 876, 884),
(879, 1, 877, 885),
(880, 1, 878, 886),
(881, 1, 879, 887),
(882, 1, 880, 888),
(883, 1, 881, 889),
(884, 1, 882, 890),
(885, 1, 883, 891),
(886, 1, 884, 892),
(887, 1, 885, 893),
(888, 1, 886, 894),
(889, 1, 887, 895),
(890, 1, 888, 896),
(891, 1, 889, 897),
(892, 1, 890, 898),
(893, 1, 891, 899),
(894, 1, 892, 900),
(895, 1, 893, 901),
(896, 1, 894, 902),
(897, 1, 895, 903),
(898, 1, 896, 904),
(899, 1, 897, 905),
(900, 1, 898, 906),
(901, 1, 899, 907),
(902, 1, 900, 908),
(903, 1, 901, 909),
(904, 1, 902, 910),
(905, 1, 903, 911),
(906, 1, 904, 912),
(907, 1, 905, 913),
(908, 1, 906, 914),
(909, 1, 907, 915),
(910, 1, 908, 916),
(911, 1, 909, 917),
(912, 1, 910, 918),
(913, 1, 911, 919),
(914, 1, 912, 920),
(915, 1, 913, 921),
(916, 1, 914, 922),
(917, 1, 915, 923),
(918, 1, 916, 924),
(919, 1, 917, 925),
(920, 1, 918, 926),
(921, 1, 919, 927),
(922, 1, 920, 928),
(923, 1, 921, 929),
(924, 1, 922, 930),
(925, 1, 923, 931),
(926, 1, 924, 932),
(927, 1, 925, 933),
(928, 1, 926, 934),
(929, 1, 927, 935),
(930, 1, 928, 936),
(931, 1, 929, 937),
(932, 1, 930, 938),
(933, 1, 931, 939),
(934, 1, 932, 940),
(935, 1, 933, 941),
(936, 1, 934, 942),
(937, 1, 935, 943),
(938, 1, 936, 944),
(939, 1, 937, 945),
(940, 1, 938, 946),
(941, 1, 939, 947),
(942, 1, 940, 948),
(943, 1, 941, 949),
(944, 1, 942, 950),
(945, 1, 943, 951),
(946, 1, 944, 952),
(947, 1, 945, 953),
(948, 1, 946, 954),
(949, 1, 947, 955),
(950, 1, 948, 956),
(951, 1, 949, 957),
(952, 1, 950, 958),
(953, 1, 951, 959),
(954, 1, 952, 960),
(955, 1, 953, 961),
(956, 1, 954, 962),
(957, 1, 955, 963),
(958, 1, 956, 964),
(959, 1, 957, 965),
(960, 1, 958, 966),
(961, 1, 959, 967),
(962, 1, 960, 968),
(963, 1, 961, 969),
(964, 1, 962, 970),
(965, 1, 963, 971),
(966, 1, 964, 972),
(967, 1, 965, 973),
(968, 1, 966, 974),
(969, 1, 967, 975),
(970, 1, 968, 976),
(971, 1, 969, 977),
(972, 1, 970, 978),
(973, 1, 971, 979),
(974, 1, 972, 980),
(975, 1, 973, 981),
(976, 1, 974, 982),
(977, 1, 975, 983),
(978, 1, 976, 984),
(979, 1, 977, 985),
(980, 1, 978, 986),
(981, 1, 979, 987),
(982, 1, 980, 988),
(983, 1, 981, 989),
(984, 1, 982, 990),
(985, 1, 983, 991),
(986, 1, 984, 992),
(987, 1, 985, 993),
(988, 1, 986, 994),
(989, 1, 987, 995),
(990, 1, 988, 996),
(991, 1, 989, 997),
(992, 1, 990, 998),
(993, 1, 991, 999),
(994, 1, 992, 1000),
(995, 1, 993, 1001),
(996, 1, 994, 1002),
(997, 1, 995, 1003),
(998, 1, 996, 1004),
(999, 1, 997, 1005),
(1000, 1, 998, 1006),
(1001, 1, 999, 1007),
(1002, 1, 1000, 1008),
(1003, 1, 1001, 1009),
(1004, 1, 1002, 1010),
(1005, 1, 1003, 1011),
(1006, 1, 1004, 1012),
(1007, 1, 1005, 1013),
(1008, 1, 1006, 1014),
(1009, 1, 1007, 1015),
(1010, 1, 1008, 1016),
(1011, 1, 1009, 1017),
(1012, 1, 1010, 1018),
(1013, 1, 1011, 1019),
(1014, 1, 1012, 1020),
(1015, 1, 1013, 1021),
(1016, 1, 1014, 1022),
(1017, 1, 1015, 1023),
(1018, 1, 1016, 1024),
(1019, 1, 1017, 1025),
(1020, 1, 1018, 1026),
(1021, 1, 1019, 1027),
(1022, 1, 1020, 1028),
(1023, 1, 1021, 1029),
(1024, 1, 1022, 1031),
(1025, 1, 1023, 1032),
(1026, 1, 1024, 1033),
(1027, 1, 1025, 1034),
(1028, 1, 1026, 1035),
(1029, 1, 1027, 1036),
(1030, 1, 1028, 1037),
(1031, 1, 1029, 1038),
(1032, 1, 1030, 1039),
(1033, 1, 1031, 1040),
(1034, 1, 1032, 1041),
(1035, 1, 1033, 1042),
(1036, 1, 1034, 1043),
(1037, 1, 1035, 1044),
(1038, 1, 1036, 1045),
(1039, 1, 1037, 1046),
(1040, 1, 1038, 1047),
(1041, 1, 1039, 1048),
(1042, 1, 1040, 1049),
(1043, 1, 1041, 1050),
(1044, 1, 1042, 1051),
(1045, 1, 1043, 1052),
(1046, 1, 1044, 1053),
(1047, 1, 1045, 1054),
(1048, 1, 1046, 1055),
(1049, 1, 1047, 1056),
(1050, 1, 1048, 1057),
(1051, 1, 1049, 1058),
(1052, 1, 1050, 1059),
(1053, 1, 1051, 1060),
(1054, 1, 1052, 1061),
(1055, 1, 1053, 1062),
(1056, 1, 1054, 1063),
(1057, 1, 1055, 1064),
(1058, 1, 1056, 1065),
(1059, 1, 1057, 1066),
(1060, 1, 1058, 1067),
(1061, 1, 1059, 1068);

-- --------------------------------------------------------

--
-- Table structure for table `tb_item`
--

CREATE TABLE IF NOT EXISTS `tb_item` (
  `id` int(11) NOT NULL,
  `item_date` date NOT NULL,
  `item_link` varchar(200) COLLATE utf8_unicode_ci NOT NULL,
  `item_close_price` int(11) NOT NULL,
  `item_type_id` int(11) NOT NULL,
  `user_id` varchar(20) COLLATE utf8_unicode_ci NOT NULL,
  `group_id` int(11) NOT NULL
) ENGINE=InnoDB AUTO_INCREMENT=5 DEFAULT CHARSET=utf8 COLLATE=utf8_unicode_ci;

--
-- Dumping data for table `tb_item`
--

INSERT INTO `tb_item` (`id`, `item_date`, `item_link`, `item_close_price`, `item_type_id`, `user_id`, `group_id`) VALUES
(2, '2015-10-07', 'https://www.facebook.com/groups/sitluangpoonham/permalink/891175437631986/', 150, 1, 'N123', 1),
(3, '2015-10-06', 'https://www.facebook.com/groups/sitluangpoonham/permalink/891054554310741/', 1200, 2, 'N121', 1),
(4, '2015-10-05', 'https://www.facebook.com/groups/sitluangpoonham/permalink/891045497644980/', 2500, 4, 'N111', 1);

-- --------------------------------------------------------

--
-- Table structure for table `tb_item_type`
--

CREATE TABLE IF NOT EXISTS `tb_item_type` (
  `id` int(11) NOT NULL,
  `type_name` varchar(100) COLLATE utf8_unicode_ci NOT NULL,
  `item_type_desc` varchar(100) COLLATE utf8_unicode_ci NOT NULL,
  `group_id` int(11) NOT NULL
) ENGINE=InnoDB AUTO_INCREMENT=5 DEFAULT CHARSET=utf8 COLLATE=utf8_unicode_ci;

--
-- Dumping data for table `tb_item_type`
--

INSERT INTO `tb_item_type` (`id`, `type_name`, `item_type_desc`, `group_id`) VALUES
(1, 'เหรียญสมปรารถนา เนื้อทองแดง', 'เหรียญสมปรารถนา เนื้อทองแดง', 1),
(2, 'เหรียญสมปรารถนา เนื้อทองเหลือง', 'เหรียญสมปรารถนา เนื้อทองเหลือง', 1),
(3, 'เหรียญสมปรารถนา เนื้อนวะ', 'เหรียญสมปรารถนา เนื้อนวะ', 1),
(4, 'เหรียญสมปรารถนา เนื้ออัลปาก้า', 'เหรียญสมปรารถนา เนื้ออัลปาก้า', 1);

-- --------------------------------------------------------

--
-- Table structure for table `tb_member`
--

CREATE TABLE IF NOT EXISTS `tb_member` (
  `id` int(11) NOT NULL,
  `facebook_name` varchar(100) COLLATE utf8_unicode_ci NOT NULL,
  `facebook_url` varchar(100) COLLATE utf8_unicode_ci NOT NULL,
  `profile_picture` varchar(100) COLLATE utf8_unicode_ci NOT NULL,
  `name` varchar(50) COLLATE utf8_unicode_ci NOT NULL,
  `surname` varchar(50) COLLATE utf8_unicode_ci NOT NULL,
  `gender` varchar(5) COLLATE utf8_unicode_ci NOT NULL,
  `address` varchar(50) COLLATE utf8_unicode_ci NOT NULL,
  `province_name` varchar(20) COLLATE utf8_unicode_ci NOT NULL,
  `phone_number` varchar(20) COLLATE utf8_unicode_ci NOT NULL,
  `bank_account_number` varchar(20) COLLATE utf8_unicode_ci NOT NULL,
  `bank_name` varchar(50) COLLATE utf8_unicode_ci NOT NULL,
  `nid` int(11) NOT NULL
) ENGINE=InnoDB AUTO_INCREMENT=1060 DEFAULT CHARSET=utf8 COLLATE=utf8_unicode_ci;

--
-- Dumping data for table `tb_member`
--

INSERT INTO `tb_member` (`id`, `facebook_name`, `facebook_url`, `profile_picture`, `name`, `surname`, `gender`, `address`, `province_name`, `phone_number`, `bank_account_number`, `bank_name`, `nid`) VALUES
(1, 'Eher mane', '', '', 'อดิศร', 'มณีสุรัตน์', '', '', 'กรุงเทพมหานคร', '', '92448010', 'ธนาคารกสิกรไทย', 10),
(2, 'din jessada', '', '', 'เจษฎา', 'สินสันเทียะ', '', '', 'กรุงเทพ', '', '550213169', 'ธนาคารกรุงเทพ', 11),
(3, 'Amulet Ancient Thailand', '', '', 'ธนัตถ์', 'ชุมชู', '', '', 'สระบุรี', '', '015-0-19371-8', 'ธนาคารกรุงไทย', 12),
(4, 'จ่ากอไก่ หัวใจใสปิ๊ง(จอมป่วน)', '', '', 'พันจ่าเอก กระทรวง', 'ขำสุวรรณ', '', '', 'กรุงเทพ', '', '157-208-0735', 'ธนาคารทหารไทย', 13),
(5, 'Oonjung Na Tangfue', '', '', 'สุรีรัตน์', 'แท่งเฝือ', '', '', 'กรุงเทพ', '', '1782075566', 'ธนาคารทหารไทย', 14),
(6, 'เอ๊ก บางกรวย', '', '', 'ธันวิน', 'การฉวี', '', '', 'นนทบุรี', '', '4030475172', 'ธนาคารไทยพาณิชย์ ', 15),
(7, 'PanuwatArt', '', '', 'ภาณุวัฒน์', 'ดวนใหญ่', '', '', 'กาญจนบุรี', '', '308 - 2 - 69468 - 2', 'ธนาคารทหารไทย', 16),
(8, 'IBaas YoFu Ne', '', '', 'พิธิวัต', 'ลี้วิบูลย์ศิลป์', '', '', 'สุพรรณบุรี', '', '765-2-23798-8', 'ธนาคารกสิกรไทย', 17),
(9, 'เดียว เดียว', '', '', 'ชินวัตร', 'บุญจง', '', '', 'สุพรรณบุรี', '', '3590057483', 'ธนาคารกรุงไทย', 18),
(10, 'พุทธศิลป์', '', '', 'สิทธิพร', 'แสนฉลาด', '', '', 'สุพรรณบุรี', '', '683-228343-0', 'ธนาคารไทยพาณิชย์ ', 19),
(11, 'Pongsakorn Bumrungwet', '', '', 'พงษกร', 'บำรุงเวช', '', '', 'ปทุมธานี', '', '1940791285', 'ธนาคารกรุงเทพ', 20),
(12, 'อ้อด ม่วงค่อม', '', '', 'สุกิจ', 'ศิริสลุง', '', '', 'ลพบุรี', '', '4782426910', 'ธนาคารกสิกรไทย', 21),
(13, 'Hornet Sport', '', '', 'ทวี', 'เหล่าขวัญสถิตย์', '', '', 'สุพรรณบุรี ', '', '591 – 255718 - 5', 'ธนาคารไทยพาณิชย์ ', 22),
(14, 'เปิ้ล คนรักษ์พระ', '', '', 'ชานนกาญจน์', 'จรรยา', '', '', 'ลพบุรี', '', '765-0-11534-8 / 484-', 'ธนาคารกรุงไทย', 23),
(15, 'Nutt Lee', '', '', 'พีรณัฐ', 'ลี้วิบูลย์ศิลป์', '', '', 'สุพรรณบุรี', '', '352913438', 'ธนาคารทหารไทย', 24),
(16, 'ทิคัมพร นาโพธิ์', '', '', 'ทิคัมพร', 'นาโพธิ์', '', '', 'สุพรรณบุรี', '', '683-241817-4', 'ธนาคารไทยพาณิชย์ ', 25),
(17, 'Kantapong Supwattanapaisan', '', '', 'กันตพงศ์', 'ทรัพย์วัฒนไพศาล', '', '', 'สุพรรณบุรี', '', '4472104565', 'ธนาคารธนชาต', 26),
(18, 'Nirut supeekit', '', '', 'นิรุตธ์', 'สุภีกิจ', '', '', 'สุพรรณบุรี', '', '3292461824', 'ธนาคารไทยพาณิชย์ ', 27),
(19, 'deesanthieh somjang', '', '', 'พิกุล', 'ดีสันเฑียร', '', '', 'นครราชสีมา', '', '4037159670', 'ธนาคารไทยพาณิชย์ ', 28),
(20, 'Ratthapoom  golfy', '', '', 'ร.ต.รัฐภูมิ', 'ฉ่ำเมืองปัก', '', '', 'กาญจนบุรี', '', '3082527189', 'ธนาคารทหารไทย', 29),
(21, 'ฅ.คนบุญน้อย', '', '', 'สรจักร', 'ภุ่พันธ์ทอง', '', '', 'สุพรรณบุรี', '', '465-2-19555-0', 'ธนาคารกสิกรไทย', 30),
(22, 'Thawitc Chamnandee', '', '', '  ทวิช', 'ชำนาญดี', '', '', 'สุพรรณบุรี', '', '683 2127 464', 'ธนาคารไทยพาณิชย์ ', 31),
(23, 'Krit Klinnumhom', '', '', 'กฤษณ์', 'กลิ่นน้ำหอม', '', '', 'สุพรรณบุรี', '', '1205383902', 'ธนาคารกรุงเทพ', 32),
(24, 'เชษฐ์ ด่านช้าง', '', '', 'พิเชษฐ์', 'จำนงค์วัฒน์', '', '', 'สุพรรณบุรี', '', '288-2-46679-8', 'ธนาคารกสิกรไทย', 33),
(25, 'grunge N built', '', '', 'วรวุฒ', 'นาคมงคล', '', '', 'กรุงเทพ', '', '8647030538', 'ธนาคารกรุงเทพ', 34),
(26, 'ติ่ง วัดแค', '', '', 'เกษร', 'เชื้อฉ่ำ', '', '', 'สุพรรณบุรี', '', 'นายเกษร เชื้อฉ่ำ', 'ธนาคารไทยพาณิชย์ ', 35),
(27, 'Yok Stayatparichart', '', '', 'ยงศักดิ์', 'แต่ดุลยสาธิต', '', '', 'ปทุมธานี', '', '372140497', 'ธนาคารไทยพาณิชย์ ', 36),
(28, 'Bank Kaengkhoi', '', '', 'จีระยุทธ', 'พิบูลชัยสิทธิ์', '', '', 'สระบุรี', '', '551662323', 'ธนาคารกรุงศรีอยุธยา', 37),
(29, 'LoveSuphanburi', '', '', 'นายมงคลรัตน์', 'จิตรารัชต์', '', '', 'สุพรรณบุรี', '', '3070931112', 'ธนาคารกรุงเทพ', 38),
(30, 'เทศกาล Jay', '', '', 'วรพงษ์', 'แหยมสุข', '', '', 'สมุทรปราการ', '', '7492373782', 'ธนาคารกสิกรไทย', 39),
(31, 'Hackung Chimphol', '', '', 'ภาคภูมิ', 'ฉิมพล', '', '', 'สุพรรณบุรี', '', '551596502', 'ธนาคารกรุงศรีอยุธยา', 40),
(32, 'เเจ๊ค ศรีประจันต์', '', '', 'นายเชี่ยวชาญ', 'ทวนเงิน', '', '', 'สุพรรณบุรี', '', '982-2-98511-8', 'ธนาคารกรุงไทย', 41),
(33, 'นนท์ สุวรรณภูมิ', '', '', 'อนันต์', 'ตั้งทีฆกูล', '', '', 'สมุทรปราการ', '', '4700227893', 'ธนาคารกรุงไทย', 42),
(34, 'เอ  พระเครื่อง', '', '', 'เจนจิรา', 'เผ่าวิบูลย์', '', '', 'สุพรรณบุรี', '', '710-0-375592', 'ธนาคารกรุงไทย', 43),
(35, 'Son Kriwijit', '', '', 'สนธิ์', 'ไกรวิจิตร', '', '', 'ราชบุรี', '', '2342092692', 'ธนาคารไทยพาณิชย์ ', 44),
(36, 'โทนี่ ต่อ กว่างโซ้งมหาภัย', '', '', 'พงษ์ชยณัฐ', 'เทียมแก้ว', '', '', 'พะเยา', '', '628-2-24737-5', 'ธนาคารทหารไทย', 45),
(37, 'paveena kengmongkon', '', '', 'ปวีณา', 'เกรียงมงคล', '', '', 'กรุงเทพ', '', '822340725', 'ธนาคารไทยพาณิชย์ ', 46),
(38, 'Suntikul Love Mak', '', '', 'สันติกุล', 'มั่นคง', '', '', 'สุพรรณบุรี', '', '7650131467', 'ธนาคารกรุงไทย', 47),
(39, 'jj jinnaphat', '', '', 'จิณณ์พัชร์', 'จินดาเฟื่อง', '', '', 'ชลบุรี', '', '5151165542', 'ธนาคารกรุงศรีอยุธยา', 48),
(40, 'เทศกาล Jay', '', '', 'วรพงษ์', 'แหยมสุข', '', '', 'สมุทรปราการ', '', '7492373782', 'ธนาคารกสิกรไทย', 49),
(41, 'Kanchit Kob Kotunan', '', '', 'ครรชิต', 'โคตุนันท์', '', '', 'สุพรรณบุรี', '', '1982349458', 'ธนาคารกสิกรไทย', 50),
(42, 'spiderwee M slot', '', '', 'วีรวรรณ์', 'มั่นคง', '', '', 'พิษณุโลก', '', '4670459228', 'ธนาคารกรุงไทย', 51),
(43, 'อภิชาติ พระเครื่อง', '', '', 'อภิชาติ', 'ไชยวงศ์คต', '', '', 'สกลนคร', '', '177-0-66073-4', 'ธนาคารกรุงเทพ', 52),
(44, 'Pakorn juka', '', '', 'มๅลัย', 'จูค้ๅ', '', '', 'นครปฐม', '', '168-2-64335-4', 'ธนาคารกสิกรไทย', 53),
(45, 'ชัช ศิษย์หลวงปู่นาม', '', '', 'ปราโมทย์', 'อิสลามชาติไทย', '', '', 'กุรงเทพ', '', '4018976590', 'ธนาคารไทยพาณิชย์ ', 54),
(46, 'ตัง พระเครื่อง', '', '', 'นันทพัทธ์', 'แสนโก', '', '', 'สุพรรณ', '', '4016988290', 'ธนาคารไทยพาณิชย์ ', 55),
(47, 'chi chien', '', '', 'พลภัทร', 'ผ่องภักต์', '', '', 'กรุงเทพ', '', '993-2-08194-3', 'ธนาคารกสิกรไทย', 56),
(48, 'jewpost suphan', '', '', 'ดำรงศักดิ์', 'เกิดบรรณดิษฐ์', '', '', 'สุพรรณบุรี', '', '5912404146', 'ธนาคารไทยพาณิชย์ ', 57),
(49, 'weerasak  suthisa', '', '', 'วีระศักดิ์', 'สุทธิสา', '', '', ' บุรีรัมย์', '', '110104577', 'ธนาคารกรุงเทพ', 58),
(50, 'Darkzide vittaya', '', '', 'วีรกานต์', 'ศรีกิจเกษมวัฒน์', '', '', 'นครปฐม', '', '6492308175', 'ธนาคารไทยพาณิชย์ ', 59),
(51, 'Suraphong sokuma หรือ คนที่คุ้นเคย หรือ คนที่เคยคุ้น', '', '', 'สุรพงษ์', 'โสขุมา', '', '', 'สุพรรณบุรี', '', '88121922774', 'ธนาคารไทยพาณิชย์ ', 60),
(52, 'เบิร์ด เบิร์ด', '', '', 'สายัณห์', 'ยางขาคีม', '', '', 'สุพรรณบุรี', '', '4036194651', 'ธนาคารไทยพาณิชย์ ', 61),
(53, 'บรรลัง คนดี ผมเก่ง ครับผม', '', '', 'นาย บรรลัง', 'สระสุพันธ์', '', '', 'กรุงเทพ กาญจนบุรี', '', '758-2-17420-9', 'ธนาคารกสิกรไทย', 62),
(54, ' Baramee Osateerakul', '', '', 'บารมี', 'โอสธีรกุล', '', '', 'สุพรรณบุรี', '', '711-0-17875-7', 'ธนาคารกรุงไทย', 63),
(55, 'nopporn krachangsri', '', '', 'นพพร', 'กระจ่างศรี', '', '', 'ปทุมธานี', '', '3501259013', 'ธนาคารกรุงศรีอยุธยา', 64),
(56, 'Pat Danchang', '', '', 'สุพัส', 'พรสุวรรณเพชร', '', '', 'ชลบุรี', '', '5151016111', 'ธนาคารกรุงศรีอยุธยา', 65),
(57, 'Noisies Noi', '', '', 'ทศพร', 'ไกรสรสินธุ์', '', '', 'ปทุมธานี', '', '161-403425-2', 'ธนาคารกรุงเทพ', 66),
(58, 'คิมูระ ซัง', '', '', 'เขมรัฐ', 'รัฐยานนท์', '', '', 'นครปฐม', '', 'เขมรัฐ รัฐยานนท์', 'ธนาคารกสิกรไทย', 67),
(59, 'kittichai limnuswaut', '', '', 'กิตตืชัย', 'ลิ้มนุชสวาท', '', '', 'สุพรรณบุรี', '', '591-241496-3', 'ธนาคารไทยพาณิชย์ ', 68),
(60, 'ชาตรี ชุนดี', '', '', 'นาย ชาตรี', 'ชุนดี', '', '', 'สุพรรณบุรั', '', '1800073127', 'ธนาคารกรุงไทย', 69),
(61, 'vorachai boonchai', '', '', 'นาย วรชัย', 'บุญชัย', '', '', 'กรุงเทพมหานคร', '', '142-2-61960-3', 'ธนาคารกสิกรไทย', 70),
(62, 'ชัย ปรกโพธิ์', '', '', 'นายสุรชัย', 'รักเสมอวงค์', '', '', 'อุดรธานี', '', '126-0-19596-1', 'ธนาคารกรุงไทย', 71),
(63, 'สายฝน บูชา พระใหม่', '', '', 'น้ำฝน', 'สงกา', '', '', 'ปทุมธานี', '', '9522022575', 'ธนาคารกสิกรไทย', 72),
(64, 'Virote supandee', '', '', 'วิโรจน์', 'สุพรรณดี', '', '', 'กรุงเทพฯ', '', '324033751', 'ธนาคารไทยพาณิชย์ ', 73),
(65, 'ค่อยเป็น ค่อยไป', '', '', 'จิณณพัต', 'สำรองพันธุ์', '', '', 'สุพรรณบุรี', '', '7530069660', 'ธนาคารกรุงเทพ', 74),
(66, 'Wara Tit', '', '', 'วราทิตย์', 'เหมือนใจ', '', '', 'สุพรรณบุรี', '', '418-039370-6', 'ธนาคารกรุงเทพ', 75),
(67, 'Boonjong Kumklay', '', '', 'บุญจง', 'คำคล้าย', '', '', 'นครราชสีมา', '', '9542009397', 'ธนาคารกสิกรไทย', 76),
(68, 'วันเสด็จ สะราคำ', '', '', 'วันเสด็จ', 'สะราคำ', '', '', 'สุพรรณบุรี', '', '4023398290', 'ธนาคารไทยพาณิชย์ ', 77),
(69, 'Ohh K Kor', '', '', 'นายสถาพร', 'หงษ์น้อย', '', '', 'ปทุมธานี', '', '4032636009', 'ธนาคารไทยพาณิชย์ ', 78),
(70, 'เด็ก กาญจนบุรี', '', '', 'นาย สำเริง', 'สะสุพันธ์', '', '', 'กรุงเทพ กาญจนบุรี', '', '044-2-70636-0', 'ธนาคารกสิกรไทย', 79),
(71, 'Benz Bmsc', '', '', 'ณัฐพงษ์', 'บัวมี', '', '', 'กรุงเทพฯ', '', '6362244313', 'ธนาคารกสิกรไทย', 80),
(72, 'สวิตตา ภัควีรสกุล', '', '', 'ธนิฐตา', 'ภูฆัง', '', '', 'สุพรรณบุรี', '', '6832200149', 'ธนาคารไทยพาณิชย์ ', 81),
(73, 'KU Supthanis', '', '', 'ศุภธนิศร์', 'พ่วงประเสริฐ', '', '', 'อ่างทอง', '', '1980149127', 'ธนาคารกรุงไทย', 82),
(74, 'Akkaradej Tik P.', '', '', 'อัครเดช', 'พยัคฆชนม์', '', '', 'นนทบุรี', '', '3062269826', 'ธนาคารไทยพาณิชย์ ', 83),
(75, 'รักษ์ พระเครื่อง', '', '', 'ปรีชา', 'ประดิฐ', '', '', 'ตาก', '', '408-2-69091-9', 'ธนาคารกสิกรไทย', 84),
(76, 'เสมียน มั่นคงดี', '', '', 'นายเสมียน', 'มั่นคงดี', '', '', 'นนทบุรี', '', '6042138353', 'ธนาคารกสิกรไทย', 85),
(77, 'Juttin Percer', '', '', 'สุพจน์', 'โพธิ์ทองคำ', '', '', 'อ่างทอง', '', '479 2 56365 7', 'ธนาคารกสิกรไทย', 86),
(78, 'โก๋อาท ร้านทองพันธ์การค้า', '', '', 'นายอุเทน', 'พันธ์ทอง', '', '', 'สิงห์บุรี', '', '335-2-15736-7', 'ธนาคารกสิกรไทย', 87),
(79, 'ก้อง เมืองกาญจน์', '', '', 'ธนวัฒน์', 'ฝูงประเสริฐ', '', '', 'กาญจนบุรี', '', '169-2-23525-4', 'ธนาคารกสิกรไทย', 88),
(80, 'ตูน ดำรงค์ศักดิ์', '', '', 'ดำรงค์ศักดิ์', 'ปานนาค', '', '', 'กรุงเทพ', '', '1814643969', 'ธนาคารกรุงเทพ', 89),
(81, 'tana kron', '', '', 'ธนากรณ์', 'ก๊กอึ้ง', '', '', 'นนทบุรี', '', '4782284571', 'ธนาคารกสิกรไทย', 90),
(82, 'MJ Thamuang', '', '', 'ชูธาราเดช', 'สุภาพหอมสง่า', '', '', 'กรุงเทพมหานคร', '', '70402414551', 'ธนาคารกสิกรไทย', 91),
(83, 'Nu Natthawat', '', '', 'ณัฐวัฒน์', 'วิมลศิริเกาะเเก้ว', '', '', 'สุพรรณบุรี', '', '753-0-03934-1', 'ธนาคารกรุงเทพ', 92),
(84, 'Fino A Torr', '', '', 'นาย วิชัย', 'สังข์ไพบูลย์', '', '', 'กรุงเทพ', '', '670-2-07384-5', 'ธนาคารกสิกรไทย', 93),
(85, 'โจ้บางม้า', '', '', 'สรายุท', 'จันทร์เชียงศรี', '', '', 'สุพรรณบุรี', '', '5236038180', 'ธนาคารธนชาต', 94),
(86, 'Rungthum sriwattanachai', '', '', 'รุ่งธรรม', 'ศรีวัฒนชัย', '', '', 'สุพรรณบุรี', '', 'วิภัทรตรา แพงอมะหรือ', 'ธนาคารกรุงไทย', 95),
(87, 'podd tbk', '', '', 'ทรงเกียรติ', 'คล้ายวิเชียร', '', '', 'สุพรรณบุรี', '', '9722029504', 'ธนาคารไทยพาณิชย์ ', 96),
(88, 'prapapong Boonma', '', '', 'นายประภาพงค์', 'บุญมา', '', '', 'ลําปาง', '', '765-212826-4', 'ธนาคารไทยพาณิชย์ ', 97),
(89, 'ได้ครับพี่ ดีครับป๋ม', '', '', 'เบญญาภา', 'สุ่มประเสริฐ', '', '', 'นนทบุรี', '', '655-2-07765-2', 'ธนาคารกสิกรไทย', 98),
(90, 'เนม กระดานพระ', '', '', 'ธีรศักดิ์', 'สินธุเขียว', '', '', 'ลำพูน', '', '592731141', 'ธนาคารไทยพาณิชย์ ', 99),
(91, 'Nai totsanon', '', '', 'ทศนนท์', 'วายาโม', '', '', 'สุพรรณบุรี', '', '7472153700', 'ธนาคารกสิกรไทย', 100),
(92, 'Niwat Prabjone', '', '', 'นิวัฒน์', 'ปราบโจร', '', '', 'กรุงเทพ', '', '148-043239-0', 'ธนาคารกรุงเทพ', 101),
(93, 'เฉลิมพล โอภาส', '', '', 'เฉลิมพล', 'โอภาส', '', '', 'ลพบุรี', '', '1090127979', 'ธนาคารกรุงไทย', 102),
(94, 'เหน่ง สระบุรี', '', '', 'วีรชัย', 'พรมพันธ์', '', '', 'สระบุรี', '', '982-6-12864-3', 'ธนาคารกรุงไทย', 103),
(95, 'วาเด็กภูเวียงกะน้องฟ้าใส', '', '', 'ธนาทิพย์', 'ประสมพล', '', '', 'ขอนแก่น', '', '2022424674', 'ธนาคารกสิกรไทย', 104),
(96, 'sayan punesawart', '', '', 'นาย สายัน', 'พูลสวัสดิ์', '', '', 'สุพรรณบุรี', '', '971-2 00202-5', 'ธนาคารไทยพาณิชย์ ', 105),
(97, 'Mook Naka', '', '', 'ดวงตา', 'ศึกษา', '', '', 'สุพรรณบุรี', '', '2882495305', 'ธนาคารกสิกรไทย', 106),
(98, 'รุ่งช่างทอง ศิษปู่นาม', '', '', 'นาย เริง (รุ่งช่างทอง ศิษปู่นาม)', 'มาลัย', '', '', 'กาญจนบุรี -กรุงเทพ', '', '388 2059100', 'ธนาคารไทยพาณิชย์ ', 107),
(99, 'เล็ก กาญจน์พระเครื่อง', '', '', 'สมบัติ', 'ศรีจับ', '', '', 'กาญจนบุรี', '', '9562052094', 'ธนาคารกสิกรไทย', 108),
(100, 'ปุ้ยอ่างทอง แม่สั่งลุย', '', '', 'ภานุพงษ์', 'มะลิทอง', '', '', 'ปทุมธานี', '', '610-2-24043-8', 'ธนาคารกสิกรไทย', 109),
(101, '์NayJj Sermporn', '', '', 'เสริมพร', 'อินนุ่ม', '', '', 'สุพรรณบุรี', '', '540-6-03077-6', 'ธนาคารธนชาต', 110),
(102, 'ตู่ ศึกษาสะสม', '', '', 'วรสิทธิ์', 'รัตนธัญญา', '', '', 'สุพรรณบุรี', '', '3897007690', 'ธนาคารกรุงเทพ', 111),
(103, 'ต้อม เขาชนไก่', '', '', 'นายวีรพงศ์', 'เกิดกลั่น', '', '', 'กาญจนบุรี', '', '982-5-98593-3', 'ธนาคารกรุงไทย', 112),
(104, 'พล เดิมบาง', '', '', 'นันทพล', 'ทองทอด', '', '', 'สุพรรณบุรี', '', '3352166633', 'ธนาคารกสิกรไทย', 113),
(105, 'Oil Nid Din Daeng', '', '', 'นาย เชษถา', 'กุลสะโมนินทร์', '', '', 'หนองบัวลำภู', '', '034-425788-0', 'ธนาคารไทยพาณิชย์ ', 114),
(106, 'Pratan Jaichansukkit', '', '', 'ประธาน', 'ใจชาญสุขกิจ', '', '', 'สุพรรณบุรี', '', '1730203272', 'ธนาคารกรุงไทย', 115),
(107, 'Weera Amparam', '', '', 'วีระ', 'อำภาราม', '', '', 'นครปฐม', '', '275-4-58814-9', 'ธนาคารกรุงเทพ', 116),
(108, 'แชมป์ ศรีประจันต์', '', '', 'จินณวัตร', 'วงษ์จันทร์', '', '', 'สุพรรณบุรี', '', '123456789', 'ธนาคารกรุงเทพ', 117),
(109, 'seaview sutthirak', '', '', 'สุทธิรักษ์', 'แพงพันธุ์', '', '', 'ชลบุรี', '', '1432654202', 'ธนาคารกสิกรไทย', 118),
(110, 'Kob Wutthiwat', '', '', 'วุฒิวัฒน์', 'เลิศจารุธนาบูรณ์', '', '', 'นครราชสีมา', '', '403-540142-9', 'ธนาคารไทยพาณิชย์ ', 119),
(111, 'Ex Khonkorat', '', '', 'เทวัน', 'ภักดีวงษ์', '', '', 'กรุงเทพ', '', '3602536439', 'ธนาคารไทยพาณิชย์ ', 120),
(112, 'Hana Suphan', '', '', 'ธนวัฒน์', 'สุพรรณคง', '', '', 'สุพรรณบุรี', '', '390-2-34292-2', 'ธนาคารกสิกรไทย', 121),
(113, 'Arm zamob', '', '', 'เอกพล', 'เย็นใจ', '', '', 'สมุทรปราการ', '', '368-2-61325-6', 'ธนาคารทหารไทย', 122),
(114, 'เสือ สุพรรณ', '', '', 'โรจน์จิรโชติ', 'เสือพรหม', '', '', 'สุพรรณบุรี', '', '3902338550', 'ธนาคารกสิกรไทย', 123),
(115, 'เป้ ยานนาวา', '', '', 'พงษ์ศักดิ์', 'เวชกามา', '', '', 'กรุงเทพฯ', '', '761-210-1692', 'ธนาคารกสิกรไทย', 124),
(116, 'up to-you', '', '', 'ฤชากร', 'ผามเนตร์', '', '', 'เชียงราย', '', '7004735261', 'CIMB', 125),
(117, 'จี๊ด ดอนเจดีย์', '', '', 'นวนิตย์', 'พุ่มพันธ์สน', '', '', 'สุพรรณบุรี', '', '5222492457', 'ธนาคารไทยพาณิชย์ ', 126),
(118, 'วัลลภ  เอี่ยมสอาด', '', '', 'วัลลภ', 'เอี่ยมสอาด', '', '', 'สุพรรณบุรี', '', '20085239422', 'ธนาคารออมสิน', 127),
(119, 'Jongwiwat Jongchalermchai', '', '', 'จงวิวัฒน์', 'จองเฉลิมชัย', '', '', 'กรุงเทพ', '', '790-2109808', 'ธนาคารกสิกรไทย', 128),
(120, 'yothin unampai', '', '', 'โยธิน', 'อุ่นอำไพ', '', '', 'กรุงเทพฯ', '', '902560181', 'ธนาคารกสิกรไทย', 129),
(121, 'Wisutr Rattanasathian', '', '', 'นาย วิสูตร', ' รัตนเสถียร', '', '', 'ชลบุรี', '', '162-2-25643-2', 'ธนาคารกสิกรไทย', 130),
(122, 'Thanakorn Muangraj', '', '', 'ธนากร', 'เซี่ยงฉิน', '', '', 'ราชบุรี', '', '3112472240', 'ธนาคารทหารไทย', 131),
(123, 'Weena thaichanat', '', '', 'พิมพ์ลภัส', 'ทิวลังทรัพย์', '', '', 'นครราชสีมา', '', '3262363538', 'ธนาคารทหารไทย', 132),
(124, ' Te Monkeyz', '', '', 'สุรศักดิ์', 'นาคทอง', '', '', 'สมุทรสาคร', '', '1842666374', 'ธนาคารกสิกรไทย', 133),
(125, 'Nirut supeekit', '', '', 'นิรุตธ์', 'สุภีกิจ', '', '', 'สุพรรณบุรี', '', '3292461824', 'ธนาคารไทยพาณิชย์ ', 134),
(126, 'หมี มดแดง', '', '', 'อนุรักษ์', 'มั่นจันทร์', '', '', 'สุพรรณบุรี', '', '5680126923', 'ธนาคารกรุงไทย', 135),
(127, 'จ่าจั๊ฟ พงษ์กิตติโรจน์', '', '', 'จ.ส.อ.พรเทพ', 'พงษ์กิตติโรจน์', '', '', 'กรุงเทพ', '', '7972197364', 'ธนาคารกสิกรไทย', 136),
(128, 'อชิรวิชญ ประจงการ', '', '', 'นาย อชิรวิชญ', 'ประจงการ', '', '', 'สุพรรณบุรี', '', '539-2-32105-9', 'ธนาคารกสิกรไทย', 137),
(129, 'neung pn', '', '', 'นาย สุรเดช', 'บุตรสามบ่อ', '', '', 'กรุงเทพมหานคร', '', '6772095978', 'ธนาคารกสิกรไทย', 138),
(130, 'MU SoulReaver', '', '', 'ธนาเทพ', 'วันเพียร', '', '', 'สิงห์บุรี', '', '5602400957', 'ธนาคารไทยพาณิชย์ ', 139),
(131, 'แบงค์ ด่านช้าง', '', '', 'นายกิตติศักดิ็', 'กำหรัด', '', '', 'สุพรรณบุรี', '', '683-240783-0', 'ธนาคารไทยพาณิชย์ ', 140),
(132, 'แดง หาญทะเล', '', '', 'เอกพงษ์', 'หมื่นสท้าน', '', '', 'นนทบุรี', '', '354-230356-4', 'ธนาคารไทยพาณิชย์ ', 141),
(133, 'suppachai nakhon (ศุภชัย นาคโหน)', '', '', 'ศุภชัย', 'นาคโหน', '', '', 'สุพรรณบุรี', '', '7100269962', 'ธนาคารกรุงไทย', 142),
(134, 'ปัญญา พู่', '', '', 'ปัญญา', 'แซ่พู่', '', '', 'นราธิวาส', '', '2472520752', 'ธนาคารกสิกรไทย', 143),
(135, 'มี่ กะ อาร์ นะคร๊าฟ', '', '', ' ธงชัย', 'สร้อยระย้า', '', '', 'สุพรรณบุรี', '', '9442069208', 'ธนาคารไทยพาณิชย์ ', 144),
(136, 'Icezy Capuchino', '', '', 'ทัศพงษ์', 'อิ่มใจ', '', '', 'สิงห์บุรี', '', '135-2-63226-7', 'ธนาคารกสิกรไทย', 145),
(137, 'Sutam kairat', '', '', 'สุธรรม', 'ไกรรัตน์', '', '', 'อุดรธานี', '', '4043698345', 'ธนาคารไทยพาณิชย์ ', 146),
(138, 'Yim smileClub', '', '', 'นายนิวัฒน์', 'ป้องกัน', '', '', 'กรุงเทพ', '', '1455159077', 'ธนาคารกรุงเทพ', 147),
(139, 'Pattiya Phanprasert', '', '', 'ภัททิยะ', 'ผันประเสริฐ', '', '', 'ชลบุรี', '', '221-0-18434-7', 'ธนาคารกรุงไทย', 148),
(140, 'Aekkasit Thongnil', '', '', 'เอกสิทธิ์', 'ทองนิล', '', '', 'อ่างทอง', '', '1460002873', 'ธนาคารกรุงไทย', 149),
(141, 'โอ ด่านช้าง', '', '', 'สรฤทธิ์', 'แซ่ลิ้ม', '', '', 'สุพรรณบุรี', '', '2882499890', 'ธนาคารกสิกรไทย', 150),
(142, 'ศิลปิน ลูกหวาย', '', '', 'ทิพากร', 'ปาระบับ', '', '', 'นครสวรรค์', '', '7110254232', 'ธนาคารกรุงไทย', 151),
(143, 'Hongle Donmuang', '', '', 'กิตติพงศ์', 'แพสถิตถาวร', '', '', 'กรุงเทพ', '', '2482174558', 'ธนาคารไทยพาณิชย์ ', 152),
(144, 'ธัญนภัทร์  มังกรหิรัญสิรี', '', '', 'ธัญนภัทร์', 'มังกรหิรัญสิรี', '', '', 'สุพรรณบุรี', '', '9809703198', 'ธนาคารกรุงไทย', 153),
(145, 'Sukhpeth Monnaja', '', '', 'พรเทพ', 'สุขเพชร์', '', '', 'นนทบุรี', '', '7622434223', 'ธนาคารกสิกรไทย', 154),
(146, 'สุรวิช เอ๋ รัตนทองคง', '', '', 'สุรวิช', 'รัตนทองคง', '', '', 'สุพรรณบุรี', '', '3902359892', 'ธนาคารกสิกรไทย', 155),
(147, 'sarawuth mahachai', '', '', 'นายศราวุธ', 'มหาชัย', '', '', 'ชัยภูมิ', '', '1772420663', 'ธนาคารไทยพาณิชย์ ', 156),
(148, 'Gi Jo', '', '', 'วรวิทย์', 'จงรัก', '', '', 'สุพรรณบุรี', '', '3192904029', 'ธนาคารไทยพาณิชย์ ', 157),
(149, 'เดฟ ธรรมแสง', '', '', 'คนองเดช', 'ธรรมแสง', '', '', 'ขอนแก่น', '', '044-2-67891-4', 'ธนาคารไทยพาณิชย์ ', 158),
(150, 'ton manorom', '', '', 'รัชต์พงษ์', 'วงศ์อินทร์', '', '', 'กรุงเทพ', '', '877-003-9607', 'ธนาคารกรุงไทย', 159),
(151, 'Sompol Kawkiao', '', '', 'สมพล', 'แก้วเขียว', '', '', 'สุพรรณบุรี', '', '3492357697', 'ธนาคารไทยพาณิชย์ ', 160),
(152, 'bird suphan', '', '', 'บรรพต', 'เหล็งเอี่ยม', '', '', 'สุพรรณบุรี', '', '591-246631-8', 'ธนาคารไทยพาณิชย์ ', 161),
(153, 'แม็ค เชียงใหม่', '', '', ' วัชรพันธ์', 'พุทธิมา', '', '', 'สระบุรี', '', '8772336573', 'ธนาคารไทยพาณิชย์ ', 162),
(154, 'เทพบุตร หวาน', '', '', 'ภานุวัฒน์', 'โพธิ์ปัสสา', '', '', 'จ.หนองบัวลำภู', '', '360-203-1942', 'ธนาคารไทยพาณิชย์ ', 163),
(155, 'ตัว เป้งอมูเลท', '', '', 'เอนก', 'สดคมขำ', '', '', 'สุพรรณบุรี', '', '2882535706', 'ธนาคารกสิกรไทย', 164),
(156, 'Chux Hwuy Heiyn', '', '', 'คฑายุทธ์', 'มณฑาทิพย์กุล', '', '', 'สมุทรปราการ', '', '2851214094', 'ธนาคารกรุงศรีอยุธยา', 165),
(157, 'khajohnpoom srisamran', '', '', 'khajohnpoom', 'srisamran', '', '', 'ระยอง', '', '249-0-30153-5', 'ธนาคารกรุงไทย', 166),
(158, 'ไกรสร เลี่ยววิไลกุลวัฒน์', '', '', 'ไกรสร', 'ไกรสร เลี่ยววิไลกุลวัฒน์', '', '', 'สุพรรณบุรี', '', '3572526865', 'ธนาคารไทยพาณิชย์ ', 167),
(159, 'Ying Tbk-pp', '', '', 'ประภาพร', 'จันทร์เพ็ญ', '', '', 'ชัยนาท', '', '401-872651-3', 'ธนาคารไทยพาณิชย์ ', 168),
(160, 'โพน ต้นแต้', '', '', 'สมบัติ', 'ศรีระพันธ์', '', '', 'กรุงเทพ', '', '942299765', 'ธนาคารไทยพาณิชย์ ', 169),
(161, 'กระแต ไต่ไม้', '', '', 'สมบัติ', 'พันธ์ุมะยม', '', '', 'อ่างทอง', '', '638-2-01674-6', 'ธนาคารทหารไทย', 170),
(162, 'Blanche Cuffe', '', '', 'จักราวุธ', 'เหมกรณ์', '', '', 'ประจวบคีรีขันธ์', '', '4041489163', 'ธนาคารกรุงศรีอยุธยา', 171),
(163, 'Nott  somdej', '', '', 'นายไชยยันต์', 'อินทรศัดดิ์', '', '', 'สุพรรณบุรี', '', '7301000219', 'ธนาคารกรุงไทย', 172),
(164, 'khomsan klangkan', '', '', 'นาย คมสัน', 'กลางคาร', '', '', 'สระบุรี', '', '125-0-18263-8', 'ธนาคารกรุงไทย', 173),
(165, 'หมูอ้วน ยองฮิ', '', '', 'ฉัตรชัย', 'เจียมสุขุม', '', '', 'ระยอง', '', '1501270109', 'ธนาคารกรุงศรีอยุธยา', 174),
(166, 'chaiyong somsook', '', '', 'นายไชยยง', 'สมสุข', '', '', 'สมุทรปราการ', '', '3272449004', 'ธนาคารไทยพาณิชย์ ', 175),
(167, 'ทิดปาร์ค จีซอง', '', '', 'นายมงคลศักดิ์', 'ชอบธรรม', '', '', 'อุตรดิตถ์', '', '1002885243', 'ธนาคารกสิกรไทย', 176),
(168, 'Kitidach sathutiti', '', '', 'กิติเดช', 'สาธุฐิติ', '', '', 'กรุงเทพ', '', '001-0-22473-4', 'ธนาคารกรุงไทย', 177),
(169, 'Hanam ปลาทองตัวอ้วน', '', '', 'ศิรดา', 'พันธ์แตง', '', '', 'สุพรรณบุรี', '', '7101712606', 'ธนาคารกรุงไทย', 178),
(170, 'สิรภพรวยเรืองรุ่งโอ๋คับ', '', '', 'สิรภพ', 'รวยเรืองรุ่ง', '', '', 'ปทุมธานี', '', '1782503098', 'ธนาคารกสิกรไทย', 179),
(171, 'suksawat witidyanon', '', '', 'สุขสวัสดิ์', 'วิทิตยานนท์', '', '', 'กรุงเทพ', '', '670054410', 'ธนาคารกรุงไทย', 180),
(172, 'นิคมพระเครือง', '', '', 'นิคม', 'โพธิ์ทูล', '', '', '', '', '832474282', 'ธนาคารกสิกรไทย', 181),
(173, 'Panupan sukkha', '', '', 'นายภาณุพันธ์', 'สุขขา', '', '', 'ชลบุรี', '', '7022696739', 'ธนาคารกสิกรไทย', 182),
(174, 'Krit Klinnumhom', '', '', 'กฤษณ์', 'กลิ่นน้ำหอม', '', '', 'สุพรรณบุรี', '', '1205383902', 'ธนาคารกรุงเทพ', 183),
(175, 'ArtChet Mitprachachon', '', '', 'ณัฐวิช', 'มิตรประชาชน', '', '', 'กรุงเทพมหานคร', '', '629930467', 'ธนาคารกรุงศรีอยุธยา', 184),
(176, 'suchat boonchu', '', '', 'สุชาติ', 'บุญชู', '', '', 'สุพรรณบุรี', '', '591-250079-8', 'ธนาคารไทยพาณิชย์ ', 185),
(177, 'นกฮูก รมดำ', '', '', 'พศวีร์', 'ณัฐวรวโรตม์', '', '', 'กรุงเทพ', '', '402464671', 'ธนาคารทหารไทย', 186),
(178, 'อัฏฐพล ประเสริฐธนะชัย', '', '', 'อัฏฐพล', 'ประเสริฐธนะชัย', '', '', 'กรุงเทพฯ', '', '2612057542', 'ธนาคารไทยพาณิชย์ ', 187),
(179, 'Ple Arnon', '', '', 'อานนท์', 'ศรีเสถียร', '', '', 'กรุงเทพ', '', '094-2-74833-7', 'ธนาคารกสิกรไทย', 188),
(180, 'ประทีป ใจดี', '', '', 'ประทีป', 'ใจดี', '', '', 'สุพรรณบุรี', '', '288-2-52792-4', 'ธนาคารกสิกรไทย', 189),
(181, 'supipatjira sripongchaisin', '', '', 'สุพิพัฒน์จิระ', 'ศรีพงศ์ชัยสิน', '', '', 'กรุงเทพ', '', '852386157', 'ธนาคารไทยพาณิชย์ ', 190),
(182, 'หวานเย็น จัดเต็ม', '', '', 'นายชัยนิวัฒน์', 'พลายแก้ว', '', '', 'สุพรรณบุรี', '', '7110331229', 'ธนาคารกรุงไทย', 191),
(183, 'สายชล แกล้วกสิกรรม', '', '', 'สายชล', 'แกล้วกสิกรรม', '', '', 'สุพรรณบุรี', '', '7992998649', 'ธนาคารกสิกรไทย', 192),
(184, 'พรรณเหน่อ สุพรรณ', '', '', 'อมร', 'ศรีจันทร์อินทร์', '', '', 'นนทบุรี', '', '327060596', 'ธนาคารกรุงเทพ', 193),
(185, 'chatchai Picahiwanitsin', '', '', 'นาย ฉัตรชัย', 'พิชัยวานิชสิน', '', '', 'สุพรรณบุรี', '', '3902296904', 'ธนาคารกรุงไทย', 194),
(186, 'Anndew Anndew', '', '', 'ไตรภพ', 'เสลา', '', '', 'พระนครศรีอยุธยา', '', '2772041148', 'ธนาคารไทยพาณิชย์ ', 195),
(187, 'บูชาหลวงปู่นามวัดน้อยชมภู่', '', '', 'สวง', 'มณีวงค์', '', '', 'สุพรรณบุรี', '', '9722067269', 'ธนาคารไทยพาณิชย์ ', 196),
(188, 'ชโย', '', '', 'นายชโย', 'ทันทิมา', '', '', 'นนทบุรี', '', '1981283280', 'ธนาคารกรุงศรีอยุธยา', 197),
(189, 'พี่โอ คุกเข่า', '', '', 'อภิสิทธิ์', 'ณัฐวรวโรตม์', '', '', 'กรุงเทพ', '', '765-2-14911-6', 'ธนาคารกสิกรไทย', 198),
(190, 'Pae PN(paeyim)', '', '', 'สิวะพัฒน์', 'ชนากร', '', '', 'สุพรรณบุรี', '', '5912471957', 'ธนาคารไทยพาณิชย์ ', 199),
(191, 'นิวัฒน์ ปานสอาด', '', '', 'นิวัฒน์', 'ปานสอาด', '', '', 'ราชบุรี', '', '1442613342', 'ธนาคารกสิกรไทย', 200),
(192, 'นิค ร้อยวัตร', '', '', 'จรัลษรมย์', 'ศิลปไพลาศ', '', '', 'นครสวรรค์', '', '6282256280', 'ธนาคารกสิกรไทย', 201),
(193, 'วิหค พลัดถิ่น', '', '', 'ณัฐจักรณ์', 'กิจพาณิชย์เจริญ', '', '', 'เชียงราย', '', '3792785085', 'ธนาคารทหารไทย', 202),
(194, 'Wongsapat', '', '', 'วงศพัทธ์', 'ล้อสินทรัพย์', '', '', 'นนทบุรี', '', '3742201863', 'ธนาคารไทยพาณิชย์ ', 203),
(195, 'DA Tota', '', '', 'นายศักดิ์ดา', 'สัจจะวงษ์รัตน์', '', '', 'สุพรรณบุรี', '', '018-1-58579-2', 'ธนาคารกสิกรไทย', 204),
(196, 'พัฒน์ พัฒน์ พี พี', '', '', 'ระพีพัฒน์', 'พูลประสาท', '', '', 'กรุงเทพ', '', '402-883420-9', 'ธนาคารไทยพาณิชย์ ', 205),
(197, 'หนุ่มน้อยคอยรัก', '', '', 'วิทูรย์', 'ไชยสงคราม', '', '', 'กทม', '', '1730670229', 'ธนาคารกรุงเทพ', 206),
(198, 'บอม พระเครื่องยูไนเต็ด', '', '', 'ชัชวาลย์', 'บุญมา', '', '', 'สระบุรี', '', '670091057', 'ธนาคารกรุงไทย', 207),
(199, 'ทรงพล ทองแป้น', '', '', 'ทรงพล', 'ทองแป้น', '', '', '', '', '560057853', 'ธนาคารกรุงเทพ', 208),
(200, 'Add narong', '', '', 'ณรงค์', 'วงค์แสนอาจ', '', '', 'สุพรรณบุรี', '', '4902345782', 'ธนาคารกสิกรไทย', 209),
(201, 'natee pechdam', '', '', 'บุญเจิด', 'เพ็ชรดำ', '', '', 'นครสวรรค์', '', '558-2-16100-5', 'ธนาคารกสิกรไทย', 210),
(202, 'หลวงปู่แผ้ว เจริญพร ณัฐวัฒน์', '', '', 'ณัฐวัฒน์', 'ธนินท์เบญจกุล', '', '', 'ปทุมธานี', '', '6691107100', 'ธนาคารกรุงศรีอยุธยา', 211),
(203, 'kitsada st', '', '', 'กฤษดา', 'สาธุพันธ์', '', '', 'กรุงเทพ', '', '602833346', 'ธนาคารไทยพาณิชย์ ', 212),
(204, 'Nattaporn U-thong', '', '', 'ณัฐพร', 'อู่ทอง', '', '', 'สุพรรณบุรี', '', '5222420434', 'ธนาคารไทยพาณิชย์ ', 213),
(205, 'ณัฐ พระเครื่องบุญรักษา', '', '', 'อาณัฐ', 'ทองใบ', '', '', 'ปทุมธานี', '', '3012825313', 'ธนาคารไทยพาณิชย์ ', 214),
(206, 'ปัส เมืองฯสุพัน', '', '', 'ปัสฐาพงษ์', 'ชื่นใจฉ่ำ', '', '', 'สุพรรณบุรี', '', '5912485427', 'ธนาคารไทยพาณิชย์ ', 215),
(207, 'mini ja', '', '', 'หยดฝน', 'รักศิลป์', '', '', 'ปทุมธานี', '', '1440330077', 'ธนาคารกรุงไทย', 216),
(208, 'ต้น ตัวเล็ก', '', '', 'รุ่งโรจน์', 'แหวนวงษ์', '', '', 'หนองบัวลำภู', '', '1784497651', 'ธนาคารกรุงเทพ', 217),
(209, 'แสบ สุพรรณ', '', '', 'ขวัญชัย', 'แก่นจันทร์', '', '', 'สุพรรณบุรี', '', '469-2-28882-9', 'ธนาคารกสิกรไทย', 218),
(210, 'Parana Wat', '', '', 'วิวัฒน์', 'ประทุมรุ่ง', '', '', 'สระบุรี', '', '9422155299', 'ธนาคารไทยพาณิชย์ ', 219),
(211, 'สิ่งที่ดีกว่า อาจได้มาจาก ความผิดหวัง', '', '', 'ภาคภูมิ', 'ศรีพิณเพราะ', '', '', 'สุพรรณบุรี', '', '9807764750', 'ธนาคารกรุงไทย', 220),
(212, 'Kanpricha Gib', '', '', 'กันณฑ์พริชา', 'เธียรสรรชัย', '', '', 'สมุทรปราการ', '', '399-259638-5', 'ธนาคารไทยพาณิชย์ ', 221),
(213, 'Mino Nemo', '', '', 'สมพล', 'ไกรวณิช', '', '', 'ภูเก็ต', '', '8172255547', 'ธนาคารไทยพาณิชย์ ', 222),
(214, 'Nott somdej', '', '', 'นายไชยยันต์', 'อินทรศักดิ์', '', '', 'สุพรรณบุรี', '', '7301000219', 'ธนาคารกรุงไทย', 223),
(215, 'เก้า อิเล็กทรอนิกส์', '', '', 'รุ่งโรจน์', 'นาคทอง', '', '', 'สุพรรณบุรี', '', '838-236756-6', 'ธนาคารกสิกรไทย', 224),
(216, 'ชยกร ภูฆัง', '', '', 'ชยกร', 'ภูฆัง', '', '', 'สุพรรณบุรี', '', '683-2-21968-5', 'ธนาคารไทยพาณิชย์ ', 225),
(217, 'นายสุชานินทร์ อินทาปัจ', '', '', 'นายสุชานินทร์', 'อินทาปัจ', '', '', 'สุพรรณบุรี', '', ' เลขที่ 690-0-04659-', 'ธนาคารกรุงไทย', 226),
(218, 'Jan thungfang', '', '', 'นางสาวประวีวรรณ', 'ถึงฝั่ง', '', '', 'สมุทรปราการ', '', '890072884', 'ธนาคารกรุงไทย', 227),
(219, 'ตุย หมูตู๋น', '', '', 'วิวัฒน์', ' วรสิริวัฒนานนท์', '', '', 'กรุงเทพ', '', '560045379', 'ธนาคารกรุงไทย', 228),
(220, 'ต้อง โยธา', '', '', 'นายศราวุฒิ', 'การะภาพ', '', '', 'สุพรรณบุรี', '', '7100308844', 'ธนาคารกรุงไทย', 229),
(221, 'Pukun_Pungky', '', '', 'สัมพันธ์', 'สุเมธี', '', '', 'อยุธยา', '', '073-4-94992-8', 'ธนาคารกรุงเทพ', 230),
(222, 'สุเทพ เชื้อเห็ดฟาง อันผาสุข', '', '', 'สุเทพ', 'อันผาสุข', '', '', 'นครสวรรค์', '', '251-2-45231-3', 'ธนาคารกสิิกรไทย', 231),
(223, 'บุตร กุลเป็ง', '', '', 'บุตร', 'กุลเป็ง', '', '', 'อุตรดิตถ์', '', '3890440419', 'ธนาคารกรุงเทพ', 232),
(224, 'Vat Gp', '', '', 'อภิวัฒน์', 'สะอาดดี', '', '', 'กาญจนบุรี', '', '2072716259', 'ธนาคารกสิกรไทย', 233),
(225, 'ภู สามชุก', '', '', 'ภูไทย', 'ผาประทะ', '', '', 'สุพรรณบุรี', '', '7530051940', 'ธนาคารกรุงเทพ', 234),
(226, 'prateep.kl', '', '', 'นายประทีป', 'คล้ายสุบรรณ', '', '', 'สุพรรณบุรี ', '', '7100376092', 'ธนาคารกรุงไทย', 235),
(227, 'Pom Sitthisak', '', '', 'สิทธิศักดิ์', 'ใจมั่น', '', '', 'สุพรรณบุรัี', '', '447-2-07368-3', 'ธนาคารธนชาต', 236),
(228, 'AK Amulet', '', '', 'นายอาณัติ', 'คมคาย', '', '', 'กรุงเทพมหานคร', '', '051-0-32953-5', 'ธนาคารกรุงเทพ', 237),
(229, 'Sutham nuchanong', '', '', 'สุธรรม', 'นุชอนงค์', '', '', 'นนทบุรี', '', '001-0-22062-3', 'ธนาคารกรุงไทย', 238),
(230, 'Satid Karnwattanee', '', '', 'สาธิต', 'การวัฒนี', '', '', 'นนทบุรี', '', '328-238448-0', 'ธนาคารไทยพาณิชย์ ', 239),
(231, 'Thavorn  sommee', '', '', 'ถาวร', 'สมมี', '', '', 'ชลบุรี', '', '5212483097', 'ธนาคารกสิกรไทย', 240),
(232, 'หนุ่ม ลูกบ้านเหนือ', '', '', 'สมถวิล', 'ฉายอรุณ', '', '', 'สุพรรณบุรี', '', '7004135710', 'CIMB', 241),
(233, 'โย โย้', '', '', 'นายสายทอง', 'ไกยสวน', '', '', 'สุพรรณบุรี', '', '7101519431', 'ธนาคารกรุงไทย', 242),
(234, 'Awirut Worpakdee', '', '', 'อวิรุทธิ์', 'วรภักดี', '', '', 'สุพรรณบุรี', '', '7122154884', 'ธนาคารไทยพาณิชย์ ', 243),
(235, 'Jaruwan Khoophiphat', '', '', 'จารุวรรณ', 'คูร์พิพัฒน์', '', '', 'ระนอง', '', '4023316947', 'ธนาคารไทยพาณิชย์ ', 244),
(236, 'Tok Nattapong', '', '', 'ณัฐพงศ์', 'จรเข้', '', '', 'สุพรรณบุรี', '', '136-2-45980-6', 'ธนาคารกสิกรไทย', 245),
(237, 'พงสิทธิ์ ฅนสองพี่น้องคร๊าบ', '', '', 'สิทธิพงษ์', 'ใจมั่น', '', '', 'สพรรณบุรี', '', '20125663219', 'ธนาคารออมสิน', 246),
(238, 'Anirut Bothai', '', '', 'นายอนิรุทธ์', 'วินิจสร', '', '', 'นครสวรรค์', '', '6260040148', 'ธนาคารกรุงไทย', 247),
(239, 'treerot. chipnurut', '', '', 'ตรีโรจน์', 'ชีพนุรัตน์', '', '', 'สุพรรณบุรี', '', '2642084519', 'ธนาคารไทยพาณิชย์ ', 248),
(240, 'อำนาจ ดอนนอก', '', '', 'อำนาจ', 'ดอนนอก', '', '', 'ฉะเชิงเทรา', '', '2012152722', 'ธนาคารไทยพาณิชย์ ', 249),
(241, 'กุ๊ก โตแล้วทำอะรัยไม่ได้', '', '', 'สมเจตน์', 'สิงหะแสนยาพงษ์', '', '', 'ฉะเชิงเทรา', '', '337-226577-4', 'ธนาคารไทยพาณิชย์ ', 250),
(242, 'ณุ ฝั่งธน', '', '', 'พิษณุ', 'นุ่มละมูล', '', '', 'กทม.', '', '122-211489-3', 'ธนาคารไทยพาณิชย์ ', 251),
(243, 'ศุภฤกษ์ ธัญญเจริญ', '', '', 'ศุภฤกษ์', 'ธัญญเจริญ', '', '', 'สุพรรณบุรี', '', '410394647', 'ธนาคารกรุงเทพ', 252),
(244, 'สมศ้กดิ์  แรงครุฑ', '', '', 'สมศักดิ์', 'แรงครุฑ', '', '', 'กาญจนบุรี', '', '7400033085', 'ธนาคารกรุงเทพ', 253),
(245, 'เหว๋อเค่อเวิ่ว. เฮิ่วเฮิ่ว', '', '', 'ประจักร', 'โสภา', '', '', 'กาญจนบุรี', '', '7770167612', 'ธนาคารกรุงเทพ', 254),
(246, 'คนดี ที่โลกรอ', '', '', 'อนุชาติ', 'ทรัพย์เฮง', '', '', 'ราชบุรี', '', '7070203640', 'ธนาคารกรุงไทย', 255),
(247, 'คน คอนหวัน', '', '', 'สราวุธ', 'สังทอง', '', '', 'นนทบุรี', '', '1324604840', 'ธนาคารกรุงเทพ', 256),
(248, 'Mongkol Watanasil', '', '', 'นาย มงคล', 'วทนะศิลป์', '', '', 'นครศรีธรรมราช', '', '4102219906', 'ธนาคารทหารไทย', 257),
(249, 'แป๊ะ ล้านห้า', '', '', 'สมบูรณ์', 'ซำประเสริฐ', '', '', 'สุพรรณบุรี', '', '1982308115', 'ธนาคารกสิกรไทย', 258),
(250, 'Auttaporn Manee-in', '', '', 'อรรถพร', 'มณีอินทร์', '', '', 'สุพรรณบุรี', '', '3882319021', 'ธนาคารไทยพาณิชย์ ', 259),
(251, 'ประจักษ์ อลูมิเนียม', '', '', 'นายประจักษ์', 'สุทธปัญญา', '', '', 'สุพรรณบุรี', '', '20084038478', 'ธนาคารออมสิน', 260),
(252, 'จี๊ดจ๊าด ชีวิตติดหวาน', '', '', 'ธีรเดช', 'น้ำทิพย์', '', '', 'สุพรรณบุรี', '', '683-212553-5', 'ธนาคารไทยพาณิชย์ ', 261),
(253, 'Joe Bhasak', '', '', 'ภาสัก', 'พานิชกุล', '', '', 'กรุงเทพ', '', '181-068309-2', 'ธนาคารกรุงเทพ', 262),
(254, 'นิว ด่านช้าง', '', '', 'สุธรรม', 'กาญจนวาหะ', '', '', 'สุพรรณบุรี', '', '2882490176', 'ธนาคารกสิกรไทย', 263),
(255, 'พรเทพพระเครื่องเงินล้าน', '', '', 'นายพรเทพ', 'สวยกลาง', '', '', 'นนทบุรี', '', '9824760016', 'ธนาคารกรุงไทย', 264),
(256, 'Eakepol  Chanmatakun', '', '', 'เอกพล', 'ชาญเมธกุล', '', '', 'กรุงเทพ', '', '716-2-51474-6', 'ธนาคารกสิกรไทย', 265),
(257, 'เด็กประมง ทุ่งแฝก', '', '', 'ศราวุธ', 'เอี่ยมอากาศ', '', '', 'สมุทรปราการ', '', '155-762558-7', 'ธนาคารกรุงเทพ', 266),
(258, 'Man Kitti', '', '', 'กิตติ', 'เมธีวรรณกิจ', '', '', 'สุพรรณบุรี', '', '198-2-23580-0', 'ธนาคารกสิกรไทย', 267),
(259, 'Angsana borisuth', '', '', 'อังศณา', 'บริสุทธิ์', '', '', 'สุพรรณบุรี', '', '783-2-08156-0', 'ธนาคารกสิกรไทย', 268),
(260, 'ดำ บางพลับ', '', '', 'จิรศักดิ์', 'สอดสี', '', '', 'สุพรรณบุรี', '', '7300017223', 'ธนาคารกรุงไทย', 269),
(261, 'ว่าที่ ร.ต.พีระพงศ์ สมใจเพ็ง', '', '', 'ว่าที่ ร.ต.พีระพงศ์', 'สมใจเพ็ง', '', '', 'สุพรรณบุรี', '', '7101351522', 'ธนาคารกรุงไทย', 270),
(262, 'สุรชัย ประจำเมือง', '', '', 'นายสุรชัย', 'ประจำเมือง', '', '', 'สุพรรณบุรี', '', '710-1-27452--8', 'ธนาคารกรุงไทย', 271),
(263, 'ดับเบิ้ลยู ดับเบิ้ลโอ ที', '', '', 'ศราวุฒิ', 'พึ่งแก้ว', '', '', 'สุพรรณบุรี', '', '7100326621', 'ธนาคารกรุงไทย', 272),
(264, 'max maxy', '', '', 'ชัยรัตน์', 'อ่วมขันธ์', '', '', 'กรุงเทพ', '', '053-430369-5', 'ธนาคารไทยพาณิชย์ ', 273),
(265, 'Yota Drr', '', '', 'นายวีระธนา', 'ศรีสุข', '', '', 'สุพรรณบุรี', '', '065-0-40221-9', 'ธนาคารกรุงไทย', 274),
(266, ' Prasit Niamsod', '', '', 'ประสิทธิ์', 'เนียมสด', '', '', 'สมุทรปราการ', '', '641-103709-7', 'ธนาคารกรุงศรีอยุธยา', 275),
(267, 'Cheewin Sabtuk', '', '', 'ชีวิน', 'ทรัพย์ถึก', '', '', 'ราชบุรี', '', '403-851765-1', 'ธนาคารไทยพาณิชย์ ', 276),
(268, 'ร้านพระเครื่อง น้องเกมส์พระใหม่', '', '', 'ฉลาด', 'คงเทศ', '', '', 'กรุงเทพ', '', '162778153', 'ธนาคารกสิกรไทย', 277),
(269, 'Eakepol  Chanmathakul', '', '', 'เอกพล', 'ชาญเมธกุล', '', '', 'กรุงเทพ', '', '716-2-51474-6', 'ธนาคารกสิกรไทย', 278),
(270, 'คนดี ศรีขอนแก่น', '', '', 'ณัฐญา', 'ก้อยทอง', '', '', 'ขอนแก่น', '', '3910310427', 'ธนาคารกรุงไทย', 279),
(271, 'โจโจ้ กิตติกรวงศา', '', '', 'ธีระวุฒิ', 'กิตติกรวงศา', '', '', 'สุพรรณบุรี', '', '393 1 13084 9', 'ธนาคารกรุงศรีอยุธยา', 280),
(272, 'khunpee peerada', '', '', 'ภีรดา', 'บางจั่น', '', '', 'ปทุมธานี', '', '418-2-74794-2', 'ธนาคารกสิกรไทย', 281),
(273, 'Newman AI', '', '', 'อานนท์', 'อินทร์สุข', '', '', 'สุพรรณบุรี', '', '7180220981', 'ธนาคารกรุงไทย', 282),
(274, 'jadet buaparot', '', '', 'จะเด็ด', 'บัวปรอท', '', '', 'สุพรรณบุรี', '', '1462565409', 'ธนาคารกสิกรไทย', 283),
(275, 'Thanapon Pongpanich', '', '', 'นายธนพล', 'พงษ์พานิช', '', '', 'กรุงเทพมหานคร', '', '552456472', 'ธนาคารไทยพาณิชย์ ', 284),
(276, 'Paya Rinya', '', '', 'ปริญญา', 'พวงศรีทอง', '', '', 'นครสวรรค์', '', '2162298871', 'ธนาคารกสิกรไทย', 285),
(277, 'ไก่ เมืองเดช', '', '', 'นาย ธงสวัสดิ์', 'พรมสี', '', '', 'อุบลราชธานี', '', '1850955251', 'ธนาคารกรุงเทพ', 286),
(278, 'James kunanon', '', '', 'คุณานนต์', 'จินดาสมุทร์', '', '', 'นนทบุรี', '', '5074169177', 'ธนาคารกรุงศรีอยุธยา', 287),
(279, 'จี๊ดจ๊าด ชีวิตติดหวาน', '', '', 'ธีรเดช', 'น้ำทิพย์', '', '', 'สุพรรณบุรี', '', '683-212553-5', 'ธนาคารไทยพาณิชย์ ', 288),
(280, 'vitchar jongrungroj', '', '', 'วิชชา', 'จงรุ่งโรจน์', '', '', 'นครนายก', '', '2110400757', 'ธนาคารกรุงไทย', 289),
(281, 'เบ็นซ์ ชื่นชีวา', '', '', 'สิรายุ', 'เลิศถนอม', '', '', 'สุพรรณบุรี', '', '4672367739', 'ธนาคารทหารไทย', 290),
(282, 'sake suphan', '', '', 'เสกสรรค์', 'สว่างศรี', '', '', 'ปทุธานี', '', '861-0-11315-4', 'ธนาคารกรุงเทพ', 291),
(283, 'เชียร ดอนเจดีย์', '', '', 'วิเชียร', 'นาคขำพันธื', '', '', 'สุพรรณบุรี', '', '4044440290', 'ธนาคารไทยพาณิชย์ ', 292),
(284, 'Nuch  Nuch', '', '', 'วีระนุช', 'ประวันนา', '', '', 'กรุเทพ', '', '014-7-04892-0', 'ธนาคารกรุงเทพ', 293),
(285, 'Duang Sariwan', '', '', 'สุรศักดิ์', 'สาริวัน', '', '', 'อุบลราชธานี', '', '322-4-36161-2', 'ธนาคารกรุงเทพ', 294),
(286, 'https://m.facebook.com/สุริยะ จุลโพธิ์', '', '', 'นาย สุริยะ', 'จุลโพธิ์', '', '', 'สุพรรณบุรี', '', '7100205131', 'ธนาคารกรุงไทย', 295),
(287, 'รัก พระเครื่องอยู่สุพรรณ', '', '', 'กิตติพัฒน์', 'แจ้งสนอง', '', '', 'สุพรรณบุรี', '', '9817472930', 'ธนาคารกรุงไทย', 296),
(288, 'buakraw popamok', '', '', 'ปฐมพงษ์', 'มีทองคำ', '', '', 'ปทุมธานี', '', '367-216212-1', 'ธนาคารไทยพาณิชย์ ', 297),
(289, 'ประมวล อ่อนแสง', '', '', 'ประมวล', 'อ่อนแสง', '', '', 'สมุทรปราการ', '', '418-042968-2', 'ธนาคารกรุงเทพ', 298),
(290, 'prametta amulet', '', '', 'นายวรวุฒิ', 'สำเภา', '', '', 'สมุทรปราการ', '', '362390712', 'ธนาคารกสิกรไทย', 299),
(291, 'ไอ บ้านนอก', '', '', 'ภูวนาถ', 'กลัดตลาด', '', '', 'กาญจนบุรี', '', '3480562218', 'ธนาคารกรุงเทพ', 300),
(292, 'Nuchy Nuchy', '', '', 'อรนุช', 'ฐิติพงษ์ดำรงเดช', '', '', 'กรุงเทพ', '', '6602030391', 'ธนาคารกสิกรไทย', 301),
(293, 'พันธุ์พระเครื่อง เปิดประมูลพระใหม่', '', '', 'เทอดพันธุ์', 'ทองคำรอด', '', '', 'ปทุมธานี', '', '513-1-11588-6', 'ธนาคารกรุงศรีอยุธยา', 302),
(294, 'anan jamsri', '', '', 'อนันต์', 'แจ่มศรี', '', '', 'สมุทรปราการ', '', '1300187646', 'ธนาคารกรุงไทย', 303),
(295, 'ChatChai Hyena', '', '', 'จ่าสิบเอก ฉัตรชัย                              ทชี', 'พูลเกิด', '', '', 'ประจวบคีรีขันธื', '', '4272089923', 'ธนาคารทหารไทย', 304),
(296, 'โรจน์ ฅน เมืองเหน่อ', '', '', 'นายไพโรจน์', 'ชุบเลี้ยง', '', '', 'สมุทรสาคร', '', '857-2-01225-6', 'ธนาคารกสิกรไทย', 305),
(297, 'Palasin Chuarienthong', '', '', 'นายพลศิลป์', 'เชื้อเหรียญทอง', '', '', 'สมุทรปราการ', '', '2270374743', 'ธนาคารกรุงเทพ', 306),
(298, 'prawit  phungkit', '', '', 'ประวิทย์', 'พึ่งกิจ', '', '', 'บึงกาฬ', '', '980-5-90409-1', 'ธนาคารกรุงไทย', 307),
(299, 'น้ำเหนือสับไฟ', '', '', 'ภัทรวดี', 'พลรักษา', '', '', 'สุพรรณบุรี', '', '9442076019', 'ธนาคารไทยพาณิชย์ ', 308),
(300, 'สร้อย  ดอนคา', '', '', 'จำนงค์', 'พันธุ์สุข', '', '', 'สุพรรณบุรี', '', '710-1-44374-5', 'ธนาคารกรุงไทย', 309),
(301, 'จักร์เพ็ชร บุญมี', '', '', 'จักร์เพ็ชร', 'บุญมี', '', '', 'ชัยนาท', '', '2470453370', 'ธนาคารกรุงเทพ', 310),
(302, 'Beach Singha', '', '', 'ปิติสันต์', 'ตั้งสังวรธรรมะ', '', '', 'กรุงเทพ', '', '72861221', 'ธนาคารกสิกรไทย', 311),
(303, 'somchai srithat', '', '', 'นายสมไชย', 'ศรีธาตุ', '', '', 'ยโสธร', '', '3114023176', 'ธนาคารไทยพาณิชย์ ', 312),
(304, 'โก๊ะสติกเกอร์', '', '', ' ฉัตรกวี', 'อำภาวงษ์', '', '', 'สุพรรณบุรี', '', '680-1-02637-0', 'ธนาคารกรุงศรีอยุธยา', 313),
(305, 'Peet Prommanok', '', '', 'นายพรเทพ', 'พรมมานอก', '', '', 'สมุทรปราการ', '', '5602126937', 'ธนาคารกสิกรไทย', 314),
(306, 'prasit ong', '', '', 'ประสิทธิ์', 'องอาจวุฒิวงศ์', '', '', 'ปทุมธานี', '', '032 220981 8', 'ธนาคารทหารไทย', 315),
(307, 'jadet buaparot', '', '', 'จะเด็ด', 'บัวปรอท', '', '', 'สุพรรณบุรี', '', '1462565409', 'ธนาคารกสิกรไทย', 316),
(308, 'Tee Rachai', '', '', 'ธีรชัย', 'บุญญาลัย', '', '', 'สุพรรณบุรี', '', '870-0-16308-5', 'ธนาคารกรุงเทพ', 317),
(309, 'ป่าน บุรี', '', '', 'ประพนธ์', 'ศิริโสภณ', '', '', 'กทม', '', '7582767925', 'ธนาคารกสิกรไทย', 318),
(310, 'Somchai Yai', '', '', 'สมชาย', 'สีเขียว', '', '', 'สุพรรณบุรี', '', '4800263522', 'ธนาคารกรุงไทย', 319),
(311, 'เอ พานทอง ด่านช้าง', '', '', 'อนุพงศ์', 'บำรุงเพชร', '', '', 'สุพรรณบุรี', '', '2882574590', 'ธนาคารกสิกรไทย', 320),
(312, 'karn tangsirisatian', '', '', 'กานต์', 'ตั้งศิริเสถียร', '', '', 'สุพรรณบุรี', '', '9432014379', 'ธนาคารกสิกรไทย', 321),
(313, 'สบายดีพระเครื่อง และเหรียญกษาปณ์ทั่วไป', '', '', 'จิววรรณ', 'หมั่นวิชา', '', '', 'กรุงเทพ', '', '219-046687-6', 'ธนาคารกรุงเทพ', 322),
(314, 'Superfan Narak', '', '', 'ภาษิต', 'ลิ้มประยูร', '', '', 'สระแก้ว', '', '1781294384', 'ธนาคารกรุงศรีอยุธยา', 323),
(315, 'วิท ตุ่น', '', '', 'นายสุวิท', 'กองมงคล', '', '', 'หนองบัวลำภู', '', '830648945', 'ธนาคารกรุงเทพ', 324),
(316, 'Narin Bunpet', '', '', 'นรินทร์', 'บุญเพ็ชร', '', '', 'นราธิวาส', '', '2242417578', 'ธนาคารไทยพาณิชย์ ', 325),
(317, 'ณภัทร โพธิ์ศรีทอง', '', '', 'ณภัทร', 'โพธิ์ศรีทอง', '', '', 'อ่างทอง', '', '739 243172 3', 'ธนาคารไทยพาณิชย์ ', 326),
(318, 'เบนซ์ วารี', '', '', 'พรรษวัส', 'วารี', '', '', 'กรุงเทพ', '', '3982035399', 'ธนาคารไทยพาณิชย์ ', 327),
(319, 'Noppadol Fuk-ngoen', '', '', 'นายนพดล', 'ฟักเงิน', '', '', 'สุพรรณบุรี', '', '710-0-40451-7', 'ธนาคารกรุงไทย', 328),
(320, 'ศรัทธา หลวงปู่', '', '', 'ธานินทร์', 'ดีเวียง', '', '', 'กรุงเทพ', '', '744-2-50450-9', 'ธนาคารกสิกรไทย', 329),
(321, 'Wachira Kaholaew', '', '', 'วชิระ', 'กะโห้แก้ว', '', '', 'สุพรรณบุรี', '', '2202323521', 'ธนาคารกสิกรไทย', 330),
(322, 'Pornchai Tosaksit', '', '', 'พรชัย', 'โตศักดิ์สิทธิ์', '', '', 'ปทุมธานี', '', '181-2-33732-3', 'ธนาคารกสิกรไทย', 331),
(323, 'wao Dmax', '', '', 'นายพนาวรรณ์', 'สาธุพันธ์', '', '', 'สุพรรณบุรี', '', '060-265513-8', 'ธนาคารไทยพาณิชย์ ', 332),
(324, 'Rchi Kradarnpra', '', '', 'ชิติพัทธ์', 'บัญกาที', '', '', 'อุบลราชธานี', '', '6500126500', 'ธนาคารกรุงเทพ', 333),
(325, 'Tanavan Amulet', '', '', 'ธนวันต์', 'ธราดลพรพิทักษ์', '', '', 'สมุทรปราการ', '', '3882511560', 'ธนาคารกสิกรไทย', 334),
(326, 'สร้อย ดอนคา', '', '', 'จำนงค์', 'พันธุ์สุข', '', '', 'สุพรรณบรี', '', '710-1-44374-5', 'ธนาคารกรุงไทย', 335),
(327, 'jaru ply', '', '', 'จารุรัตน์', 'พลายมี', '', '', 'ชลบุรี', '', '542-2-69069_9', 'ธนาคารกสิกรไทย', 336),
(328, 'ปกป้อง จันทร์สุวรรณ', '', '', 'นายปกป้อง', 'จันทร์สุวรรณ', '', '', 'สุพรรณบุรี', '', '7280059570', 'ธนาคารกรุงไทย', 337),
(329, 'Pansak Ladlan', '', '', 'พันศักดิ์', 'ลาดลัน', '', '', 'สุพรรณบุรี', '', '8312705920', 'ธนาคารไทยพาณิชย์ ', 338),
(330, 'Thinagorn Bunpoo-nga', '', '', 'ทินกร', 'บุญภูงา', '', '', 'สุพรรณบุรี', '', '7281246943', 'ธนาคารกรุงไทย', 339),
(331, 'อ้น สมบัติเจริญ', '', '', 'สถาพร', 'สมบัติเจริญ', '', '', 'นครปฐม', '', '795-2-10331-2', 'ธนาคารกสิกรไทย', 340),
(332, 'Nop jirayuch', '', '', 'จิรายุทธ', 'ทองย้ำ', '', '', 'สุพรรณบุรี', '', '403-968062-7', 'ธนาคารไทยพาณิชย์ ', 341),
(333, 'www.facebook.com/#!msamerjai', '', '', 'มนัส', 'เสมอใจ', '', '', 'กรุงเทพ', '', '543-237621-3', 'ธนาคารไทยพาณิชย์ ', 342),
(334, 'อุดร ทองละมุล', '', '', 'นาย อุดร', 'ทองละมุล', '', '', 'จันทบุรี', '', '048-2833134', 'ธนาคารไทยพาณิชย์ ', 343),
(335, 'Wiroj Patamekatprn', '', '', 'วิโรจน์', 'ภาตะเมฆาทร', '', '', 'สุพรรณบุรี', '', '2882194682', 'ธนาคารกสิกรไทย', 344),
(336, 'ทีมงาน หวานเจ็บอก', '', '', 'ชณธัศน์', 'สุขลาภ', '', '', 'นครปฐม', '', '862536289', 'ธนาคารไทยพาณิชย์ ', 345),
(337, 'Chop Suphanburi', '', '', 'นภัสสร', 'วงษ์จันทร์', '', '', 'สุพรรณบุรี', '', '300015379013', 'ธนาคารออมสิน', 346),
(338, 'Puchrapon Keatsiri', '', '', 'นายพัชรพล', 'เกิดศิริ', '', '', 'สุพรรณบุรี', '', '452-2-43356-5', 'ธนาคารกสิกรไทย', 347),
(339, 'ชล สามชุก', '', '', 'สายชล', 'แก้วน้อย', '', '', 'สุพรรณบุรี', '', '5912265762', 'ธนาคารไทยพาณิชย์ ', 348),
(340, 'gif may', '', '', 'ไมตรี', 'แตงนิ่ม', '', '', 'สุพรรณบุรี', '', '3246019467', 'ธนาคารธนชาต', 349),
(341, 'NUi Suttiphan', '', '', 'สุทธิพันธ์', 'ฟูประเสริฐ', '', '', 'กรุงเทพ', '', '1582155165', 'ธนาคารไทยพาณิชย์ ', 350),
(342, 'Prissana Rawangpri', '', '', 'ปริศนา', 'ระวังภัย', '', '', 'กำแพงเพชร', '', '529-1-19697-1', 'ธนาคารกรุงไทย', 351),
(343, 'Daungkhae Leamprasert', '', '', 'ดวงแข', 'เอี่ยมประเสริฐ', '', '', 'สุพรรณบุรี', '', '5272682785', 'ธนาคารไทยพาณิชย์ ', 352),
(344, 'ธนธรณ์ แขก นมขุนทด', '', '', 'ธนธรณ์', 'นมขุนทด', '', '', 'ปทุมธานี', '', '1690689540', 'ธนาคารกรุงเทพ', 353),
(345, 'Indy marliboo', '', '', 'บัญชา', 'แหวนทองคำ', '', '', 'สิงห์บุรี', '', '135-2-58961-2', 'ธนาคารกสิกรไทย', 354),
(346, 'Chaloey Malaithong', '', '', 'เฉลย', 'มาลัยทอง', '', '', 'ภูเก็ต', '', '7062319772', 'ธนาคารไทยพาณิชย์ ', 355),
(347, 'ชัยยะ หลานหลวงพ่อเอียด ว.ส.ว', '', '', 'ชัยยะ', 'กิจปราชญ์', '', '', 'พระนครศรีอยุธยา', '', '980-0-63226-3', 'ธนาคารกรุงไทย', 356),
(348, 'สุพจน์ คนอยุธยา', '', '', 'สุพจน์', 'โกมล', '', '', 'พระนครศรีอยุธยา', '', '980-0-63243-3', 'ธนาคารกรุงไทย', 357),
(349, 'Putthaphong Taweesupsombat', '', '', 'พุธพงษ์', 'ทวีทรัพย์สมบัติ', '', '', 'นนทบุรี', '', '072 012998 2', 'ธนาคารกรุงไทย', 358),
(350, 'ศักดิ์ ดอนตาล', '', '', 'เทิดศักดิ์', 'ขาวอ่อน', '', '', 'สุพรรณบุรี', '', '181574233', 'ธนาคารกรุงศรีอยุธยา', 359),
(351, 'TopKan Pancha', '', '', 'ณัฐธีย์', 'ปานชา', '', '', 'สุพรรณบุรี', '', '467-2-34270-8', 'ธนาคารทหารไทย', 360),
(352, ' หน่อง ดอนเมือง', '', '', '  เสน่ห์', '  หวานชะเอม', '', '', ' กรุงเทพ', '', '3781002713', 'ธนาคารกรุงไทย', 361),
(353, 'แมน ท่าเสด็จ', '', '', 'นายนิพนธ์', 'ศรีเจริญ', '', '', 'สุพรรณบุรี', '', '7470277021', 'ธนาคารกรุงไทย', 362),
(354, 'patom wallpaper', '', '', '   ประถม', 'ครุฑธรรม', '', '', 'สมุทสาคร', '', '972-2-06338-1', 'ธนาคารกสิกรไทย', 363),
(355, 'kriangkrai duangkaew', '', '', 'เกรียงไกร', 'ดวงแก้ว', '', '', 'สุพรรณบุรี', '', '1280266082', 'ธนาคารกรุงไทย', 364),
(356, 'Aekkachai maneeon', '', '', 'เอกชัย', 'มณีอ่อน', '', '', 'กรุงเทพมหานคร', '', '422696827', 'ธนาคารไทยพาณิชย์ ', 365),
(357, 'Tom cruze', '', '', 'สงกรานต์', 'ส่งเสริม', '', '', 'กรุงเทพ', '', '003-2-23077-3', 'ธนาคารทหารไทย', 366),
(358, 'Surawut Pakdee', '', '', 'สุรวุฒิ', 'ภักดี', '', '', 'สุพรรณบุรี', '', '9813148500', 'ธนาคารกรุงไทย', 367),
(359, 'ละอองทิพย์ แสงทอง', '', '', 'นาง ละอองทิพย์', 'แสงทอง', '', '', 'นนทบุรี', '', '726-2-97094-3', 'ธนาคารกสิกรไทย', 368),
(360, 'ณิชศิภา ว่าน', '', '', 'ณภัทธิรา', 'จุลินทร', '', '', 'นนทบุรี', '', '6712033299', 'ธนาคารกสิกรไทย', 369),
(361, 'Note Keeratikorn', '', '', 'นาย กีรติกร', 'ตากุล', '', '', 'กาญจนบุรี', '', '20112175052', 'ธนาคารออมสิน', 370),
(362, 'อดุลย์ คร๊าฟป๋ม', '', '', 'นายอดุลย์', 'จันทร์เชียงศรี', '', '', 'สุพรรณบุรี', '', '160-1-25985-4', 'ธนาคารกรุงศรีอยุธยา', 371),
(363, 'visanuu srisuthor', '', '', 'วิษณุ', 'ศรีสุธอ', '', '', 'สิงห์บุรี', '', 'วิษณุ ศรีสุธอ 116185', 'ธนาคารกรุงไทย', 372),
(364, 'เอกพจน์. เกียรติมงคลเลิศ', '', '', 'เอกพจน์', 'เกียรติมงคลเลิศ', '', '', 'กรุงเทพ', '', '482635808', 'ธนาคารกสิกรไทย', 373),
(365, 'Benzza jumpatong', '', '', 'ธิติธาดา', 'จำปาทอง', '', '', 'สุพรรณบุรี', '', '5222394853', 'ธนาคารไทยพาณิชย์ ', 374),
(366, 'Chavarn Suktapoj', '', '', 'นาย ชวาลย์', 'สุขทาพจน์', '', '', 'กรุงเพ', '', '391349732', 'ธนาคารกรุงไทย', 375),
(367, 'ตั้ว บ้านหม้อ', '', '', 'สรวิศ', 'สุวรรณข่าง', '', '', 'เพชรบุรี', '', '7530030944', 'ธนาคารกรุงเทพ', 376),
(368, 'นายเอกพล ชำนิสูงเนิน', '', '', 'เอกพล', 'ชำนิสูงเนิน', '', '', 'สุพรรณบุรี', '', '4052023642', 'ธนาคารกสิกรไทย', 377),
(369, 'Noodle Nu Nu', '', '', 'บุญชัย', 'สุริยวงษ์', '', '', 'สุพรรณบุรี', '', '202781306', 'ธนาคารกสิกรไทย', 378),
(370, 'พัฒน์ เมืองกาญจน์', '', '', 'นาย จิตติพัฒน์', 'จำปี', '', '', 'กาญจนบุรี', '', '20117896777', 'ธนาคารออมสิน', 379),
(371, 'Somruthai Jumpathong', '', '', 'สมฤทัย', 'จำปาทอง', '', '', 'สุพรรณบุรี', '', '5222265258', 'ธนาคารไทยพาณิชย์ ', 380),
(372, 'เกสรา รัตนทองคง', '', '', 'เกสรา', 'รัตนทองคง', '', '', 'สุพรรณบุรี', '', '7470119744', 'ธนาคารกรุงไทย', 381),
(373, 'ศรัทธาพระใหม่ โดยทามากิ(เวปจี)', '', '', 'ทวี', 'แซ่ลิ่ม', '', '', 'กรุงเทพฯ', '', '086-2-21819-0', 'ธนาคารไทยพาณิชย์ ', 382),
(374, 'สมภพ มัจฉา', '', '', 'นายสมภพ', 'มัจฉา', '', '', 'สุพรรณบุรี', '', '612088923', 'ธนาคารไทยพาณิชย์ ', 383),
(375, 'ชยุต ทองเลิศ', '', '', 'ชยุต', 'ทองเลิศ', '', '', 'สุพรรณบุรี', '', '3931215769', 'ธนาคารกรุงศรีอยุธยา', 384),
(376, 'ชาตรี ฉิมวัย', '', '', 'ชาตรี', 'ฉิมวัย', '', '', 'นนทบุรี', '', '7470112022', 'ธนาคารกรุงไทย', 385),
(377, 'Banjerd Yomkrathok', '', '', 'บรรเจิด', 'ย่อมกระโทก', '', '', 'สุพรรณบุรี', '', '6832151120', 'ธนาคารไทยพาณิชย์ ', 386),
(378, 'Dang utong', '', '', 'เจริญพร', 'ธรรมาวุฒิ', '', '', 'สุพรรณบุรี', '', '4038928179', 'ธนาคารไทยพาณิชย์ ', 387),
(379, 'Chayapol kongsomboon', '', '', 'ชยพล', 'ก้องสมบูรณ์', '', '', 'จังหวัดนนทบุรี', '', '2062163569', 'ธนาคารทหารไทย', 388),
(380, 'ธนเดช ธนเดช', '', '', 'ธนเดช', 'เหมือนสนทอง', '', '', '    ก ท ม', '', '527-1-00887-4', 'ธนาคารกรุงศรีอยุธยา', 389),
(381, 'โยโสนะโมตัสสะ บุรุษผู้ใฝ่ธรรม ขอยึดพระรัตนตรัยเป็นที่พึ่ง', '', '', 'พรมศักดิ์', 'ปรีวิชัย', '', '', 'จ ศรีสะเกษ', '', '9220117510', 'ธนาคารกรุงเทพ', 390),
(382, 'tee praram v', '', '', 'นาย แสนศักดิ์', 'อิงอนุรักษ์สกุล', '', '', 'นนทบุรี', '', '9322057773', 'ธนาคารกสิกรไทย', 391),
(383, 'Nui Gusto', '', '', 'ศิริวิมล', 'เกิดสมบุญ', '', '', 'สุพรรณบุรี', '', '7111386051', 'ธนาคารกรุงไทย', 392),
(384, 'อธิษฐ์ นุชสวาท', '', '', 'อธิษฐ์', 'นุชสวาท', '', '', 'สุพรรณบุรี', '', '9808761615', 'ธนาคารกรุงไทย', 393),
(385, 'กฤษณ์ ศิษย์หลวงปู่', '', '', 'กฤษณ์', 'เอกมหาชัย', '', '', 'กรุงเทพ', '', '403-068830-1', 'ธนาคารไทยพาณิชย์ ', 394),
(386, 'มนต์ ขลัง', '', '', 'สมเจตุ', 'กนิษฐาภิญโญ', '', '', 'นครศรีธรรมราช', '', '8722038117', 'ธนาคารไทยพาณิชย์ ', 395),
(387, 'Jack Chansongklod', '', '', 'พิสิทธิ์', 'จันทร์ทรงกลด', '', '', 'กรุงเทพมหานคร', '', '290-204444-5', 'ธนาคารไทยพาณิชย์ ', 396),
(388, 'Chatchawan Likhitaporn', '', '', 'ชัฌวาล', 'ลิขิตาภรณ์', '', '', 'กรุงเทพ', '', '312779988', 'ธนาคารกสิกรไทย', 397),
(389, 'Kroekrit Sombatkriangkrai', '', '', 'เกริกฤทธิ์', 'สมบัติเกรียงไกร', '', '', 'สุพรรณบุรี', '', '7482566930', 'ธนาคารกสิกรไทย', 398),
(390, 'ยุทธ สุพรรณ', '', '', 'ยุทธพงษ์', 'สิริทรัพย์ทวี', '', '', 'สุพรรณบุรี', '', '3882150540', 'ธนาคารไทยพาณิชย์ ', 399),
(391, 'ธวัช มีศรี', '', '', 'ธวัช', 'มีศรี', '', '', 'สุพรรณบุรี', '', '1334773486', 'ธนาคารกรุงเทพ', 400),
(392, 'ธีรพล กิจโสภณไพศาล', '', '', 'ธีรพล', 'กิจโสภณไพศาล', '', '', 'ปทุมธานี', '', '370-202417-0', 'ธนาคารไทยพาณิชย์ ', 401),
(393, 'กอล์ฟวัดพระรูป ศิย์หลวงปู่นาม', '', '', 'นายกำพล', 'ผังสุวรรณดำรง', '', '', 'สุพรรณบุรี', '', '389-0-43099-8', 'ธนาคารกรุงเทพ', 402),
(394, 'Shai Saboho', '', '', 'วัชระ', 'โรจนมานะกุล', '', '', 'สระบุรี', '', '115-3-09134-8', 'ธนาคารกรุงไทย', 403),
(395, 'Topkub Ska Chance', '', '', 'รัตนะ', 'เสืองาม', '', '', 'กรุงเทพมหานคร', '', '2290735907', 'ธนาคารกรุงเทพ', 404),
(396, 'Att kromchol', '', '', 'อรรถสิทธิ์', 'เกิดมีสุข', '', '', 'กรุงเทพ ', '', '72667751', 'ธนาคารกสิกรไทย', 405),
(397, 'เห็นหมีหนูไหม', '', '', 'รวิภา', 'อยู่พิศาล', '', '', 'กรุงเทพ', '', '1862230774', 'ธนาคารไทยพาณิชย์ ', 406),
(398, 'Chanchai Panthong', '', '', 'นาย ชาญชัย', 'ปานทอง', '', '', 'อ่างทอง', '', '187-1-27202-5', 'ธนาคารกรุงศรีอยุธยา', 407),
(399, 'Ronnakij Rom', '', '', 'นายรณกฤต', 'มิ่งวานิช', '', '', 'กรุงเทพมหานคร', '', '3612797067', 'ธนาคารไทยพาณิชย์ ', 408),
(400, 'เบิร์ด พระเครื่อง', '', '', 'โกวิท', 'เหลี่ยมเพชร', '', '', 'สุพรรณบุรี', '', '7832055500', 'ธนาคารกสิกรไทย', 409),
(401, 'สรรพงศ์ จันทร์ทิม', '', '', 'สรรพงศ์', 'จันทร์ทิม', '', '', 'กรุงเทพ', '', '269-2-17629-3', 'ธนาคารธนชาต', 410),
(402, 'ปราโมทย์ ขันทอง', '', '', 'ปราโมทย์', 'ขันทอง', '', '', 'สุพรรณบุรี', '', '730-0-25176-5', 'ธนาคารกรุงไทย', 411),
(403, 'Esnake Violenter', '', '', 'นาย วิบูลย์ศักดิ์', 'ดวงจรัส', '', '', 'แพร่', '', '1980765794', 'ธนาคารกรุงเทพ', 412),
(404, 'Tossapol Jiemthaisong', '', '', 'ทศพล', 'เจียมไธสง', '', '', 'สุพรรณบุรี', '', '9442038964', 'ธนาคารไทยพาณิชย์ ', 413),
(405, 'เฮียปูโต๊ะพระ', '', '', 'วิพล', 'ผางดี', '', '', 'นนทบุรี', '', '1422450287', 'ธนาคารกสิกรไทย', 414),
(406, 'ท.ตถตา', '', '', 'จักรภพ', 'ปิ่นทิอง', '', '', 'ปทุมธานี', '', '351-256967-9', 'ธนาคารไทยพาณิชย์ ', 415),
(407, 'สนธบา หิรัญพฤกษ์', '', '', 'สนธยา', 'หิรัญพฤกษ์', '', '', 'นนทบุรี', '', '070 2 176934', 'ธนาคารทหารไทย', 416),
(408, 'Sarawut pengpinij', '', '', 'สราวุธ', 'เพ่งพินิจ', '', '', 'สุพรรณบุรี', '', '6832407262', 'ธนาคารไทยพาณิชย์ ', 417),
(409, 'คงฤทธิ์ หิรัญรัตน์', '', '', 'ตคงฤทธิ์', 'หิรัญรัตน์', '', '', 'ปราจีนบุรี', '', '202-2-24944-9', 'ธนาคารกสิกรไทย', 418),
(410, 'คงฤทธิ์ หิรัญรัตน์', '', '', 'ตคงฤทธิ์', 'หิรัญรัตน์', '', '', 'ปราจีนบุรี', '', '202-2-24944-9', 'ธนาคารกสิกรไทย', 418),
(411, 'Yup Payub', '', '', 'นายพยับ', 'หินเพ็ชร', '', '', 'สระบุรี', '', '3491486466', 'ธนาคารกรุงศรีอยุธยา', 419),
(412, 'Teerawat thaiyanant', '', '', 'ว่าที่รต.ธีระวัฒน์', 'ไทยยานันท์', '', '', 'นนทบุรี', '', '7762010466', 'ธนาคารกสิกรไทย', 420),
(413, 'Ronnasak Mualsiengsai', '', '', 'นายรณศักดิ์', 'มวลเสียงใส', '', '', 'กรุงเทพ', '', '6550073883', 'ธนาคารกรุงเทพ', 421),
(414, 'ปีศาจ สุรา', '', '', 'ประยุทธ์', 'หลำริ้ว', '', '', 'สิงห์บุรี', '', '326-2-21150-9', 'ธนาคารกสิกรไทย', 422),
(415, 'ขอบคุณ สายลม', '', '', 'รณกร', 'น้อยเลิศ', '', '', 'สุพรรณบุรี', '', '0140137910', 'ธนาคารกรุงเทพ', 423),
(416, 'pontep chaiya', '', '', 'พรเทพ', 'ชัยยะ', '', '', 'นครสวรรค์', '', '2962090850', 'ธนาคารไทยพาณิชย์ ', 424);
INSERT INTO `tb_member` (`id`, `facebook_name`, `facebook_url`, `profile_picture`, `name`, `surname`, `gender`, `address`, `province_name`, `phone_number`, `bank_account_number`, `bank_name`, `nid`) VALUES
(417, 'yo jang', '', '', 'ธานี', 'ดอกอินทร์', '', '', 'อุบลราชธานี', '', '1574791602', 'ธนาคารกรุงเทพ', 425),
(418, 'อรุณรัตน์ พระใหม่', '', '', 'ชาญศักดิ์', 'อรุณรัตน์', '', '', 'ปทุมธานี', '', '264152042', 'ธนาคารกรุงเทพ', 426),
(419, 'พญาเย็น เทพพนม', '', '', 'พรเทพ', 'ทรงปรายาท', '', '', 'กรุงเทพ', '', '472064292', 'ธนาคารกสิกรไทย', 427),
(420, 'บัณฑิต กลีบเมฆ', '', '', 'นายบัณฑิต', 'กลีบเมฆ', '', '', 'กาญจนบุรี', '', '713-0-25834-9', 'ธนาคารกรุงไทย', 428),
(421, 'กลอฟ์ ราชทรัพย์', '', '', 'วรเดช', 'ประจุศิลป', '', '', 'นนทบุรี', '', '1162113151', 'ธนาคารไทยพาณิชย์ ', 429),
(422, 'Montree Naverde', '', '', 'มนตรี', 'บุญเกิด', '', '', 'กาญจนบุรี', '', '6352109810', 'ธนาคารทหารไทย', 430),
(423, 'kwang takcity', '', '', 'บุญเสริม', 'เงินนา', '', '', 'ตาก', '', '678-2-18676-9', 'ธนาคารกสิกรไทย', 431),
(424, 'บอย แม่กลอง', '', '', 'สรวิชญ์', 'ลักษณ์สมบูรณ์', '', '', 'สมุทรสงคราม', '', '1624228423', 'ธนาคารกรุงเทพ', 432),
(425, 'pasert sc', '', '', 'ประเสริฐ', 'กาฬภักดี', '', '', 'สุพรรณบุรี', '', '5742658999', 'ธนาคารไทยพาณิชย์ ', 433),
(426, 'Tawatchai Jundang', '', '', 'ธวัชชัย', 'จันทร์แดง', '', '', 'นนทบูรี', '', '3342297785', 'ธนาคารไทยพาณิชย์ ', 434),
(427, 'โฆษิต นามสมมุติ', '', '', 'โฆษิต', 'นามสมมุติ', '', '', 'กรุงเทพมหานคร', '', '262405915', 'ธนาคารไทยพาณิชย์ ', 435),
(428, 'phu sit', '', '', 'ฐิตเมธี', 'ติรางกูร', '', '', 'สุพรรณบุรี', '', '4025400637', 'ธนาคารไทยพาณิชย์ ', 436),
(429, ' Num Suphan', '', '', 'นาย ปิยะณัฐ', 'ดวงตาแก้ว', '', '', 'กรุงเทพ', '', '403-484776-1', 'ธนาคารไทยพาณิชย์ ', 437),
(430, 'หรินทร์ ริน โพธิ์รัง', '', '', 'หรินทร์', 'โพธิ์รัง', '', '', 'กรุงเทพ', '', '065-2-14534-3', 'ธนาคารทหารไทย', 438),
(431, 'Adisai Yodkaew', '', '', 'นาย อดิศัย', 'ยอดแก้ว', '', '', 'ตาก', '', '1280205032', 'ธนาคารกรุงไทย', 439),
(432, 'Ongart puntui', '', '', 'องอาจ', 'ปันตุ้ย', '', '', 'นครปฐม', '', '774-2-14842-9', 'ธนาคารกสิกรไทย', 440),
(433, 'จ๊อบ ท่าซุง', '', '', 'วรัชญ์', 'คงคาลัย', '', '', 'กรุงเทพ', '', '2344527789', 'ธนาคารกรุงเทพ', 441),
(434, 'Nuthaphol Thamsuk', '', '', 'ณัฐพล', 'แถมสุข', '', '', 'นนทบุรี', '', '726-2-11123-3', 'ธนาคารกสิกรไทย', 442),
(435, 'Wynn Goffy', '', '', 'นายธรากร', 'กันทิยะ', '', '', 'ระยอง', '', '5302151301', 'ธนาคารกสิกรไทย', 443),
(436, 'Domrongsak Pote', '', '', 'ฐิตินนท์', 'มาตรวิจิตร', '', '', 'สุพรรณบุรี', '', '3590021071', 'ธนาคารกรุงไทย', 444),
(437, 'Converseda Da', '', '', 'นายวราวุฒิ', 'ธัญญเจริญ', '', '', 'สุพรรณบุรี', '', '753-0-05054-6', 'ธนาคารกรุงเทพ', 445),
(438, 'เอ็ม ประมาณนั้นตามนี้เรย', '', '', 'นาย  จิระพันธ์', 'วงษ์ช่วย', '', '', '  อยุธยา', '', '1280362332', 'ธนาคารกรุงไทย', 446),
(439, 'ศิษย์ มีครู', '', '', 'กัณฑ์อเนก', 'เอ้สว่าง', '', '', 'สมุทรปราการ', '', '218-012-9161', 'ธนาคารกรุงเทพ', 447),
(440, 'ขุนแผนน้อย สวนช่างมือทอง', '', '', 'จิรัฐ', 'ปรีชาวุฒิคุณ', '', '', 'สุพรรณบุรี', '', '072-0-05864-3', 'ธนาคารกรุงไทย', 448),
(441, 'Niphon Tangthong', '', '', 'นายนิพนธ์', 'แตงทอง', '', '', 'สุพรรณบุรี', '', '319-2-27675-5', 'ธนาคารกสิกรไทย', 449),
(442, 'Prem Hnoomool', '', '', 'เปรม', 'หนูมูล', '', '', 'ปราจีนบุรี', '', '3864036599', 'ธนาคารกรุงเทพ', 450),
(443, 'Apple Vava', '', '', 'วัลลภ', 'แย้มโอษฐ์', '', '', 'สระบุรี', '', '3706017476', 'ธนาคารธนชาต', 451),
(444, 'Jim manumanu', '', '', 'ปุณภณ', 'อชิรวโรดม', '', '', 'สุพรรณบุรี', '', '136-2-44331-4', 'ธนาคารกสิกรไทย', 452),
(445, 'Natthanon Muangmee', '', '', 'นายณัฐฐ์ฐนนท์', 'เมืองมี', '', '', 'เพชรบูรณ์', '', '1502627186', 'ธนาคารกสิกรไทย', 453),
(446, 'สมบัติ นาคศิริ', '', '', 'สมบัติ', 'นาคศิริ', '', '', 'สุพรรณบุรี', '', '5236005624', 'ธนาคารธนชาต', 454),
(447, 'เขาเรียก ผมว่า ทหารรับจ้าง', '', '', 'อรรถพล', 'ศิริยามัน', '', '', 'สุพรรณ', '', '399-2-41284-5', 'ธนาคารทหารไทย', 455),
(448, 'เพียงแค่ เราเข้าใจ', '', '', 'ณรงค์', 'สุวรรณคง', '', '', 'สุพรรณบุรี', '', '2242371308', 'ธนาคารไทยพาณิชย์ ', 456),
(449, 'Khak Khak', '', '', 'นาย สายชล', 'วงค์จันทร์อินทร์', '', '', 'สุพรรณบุรี', '', '5912515353', 'ธนาคารไทยพาณิชย์ ', 457),
(450, 'Pon Pon Ja', '', '', 'สมปอง ดวงใจแก้ว', 'ดวงใจแก้ว', '', '', 'กำแพงเพชร', '', '5290087834', 'ธนาคารกรุงไทย', 458),
(451, 'อินทร์รดี พระเครื่องน้องใหม่', '', '', 'กัลยาวรรณ', 'เผือกผ่อง', '', '', 'ปทุมธานี', '', '952644965', 'ธนาคารกสิกรไทย', 459),
(452, 'หนุ่มมือสอง ด่านช้าง นิธิวัชร์ หิรัญฉัตรพงศ์ (หนุ่มมือสองด่ายช้าง)', '', '', 'นิธิวัชร์', 'หิรัญฉัตรพงศ์', '', '', 'สุพรรณบุรี', '', '54850294601', 'ธนาคารออมสิน', 460),
(453, 'ม่อน ม่อน', '', '', 'ชัยธวัฒน์', 'แพ่งดิษฐ์', '', '', 'นนทบุรี', '', '3120600171497', 'ธนาคารกรุงไทย', 461),
(454, 'Mandarin', '', '', 'บัณฑิต', 'เพ็ชรวิเศษ', '', '', 'กรุงเทพ', '', '660355785', 'ธนาคารกรุงเทพ', 462),
(455, 'Wichchuda Tupot', '', '', 'น.ส วิชชุดา', 'ธุพจน์', '', '', 'สุพรรณบุรี', '', '4024275372', 'ธนาคารไทยพาณิชย์ ', 463),
(456, 'Nu Tanamai', '', '', 'นุ', 'ทานะมัย', '', '', 'นครปฐม', '', '3312920912', 'ธนาคารกสิกรไทย', 464),
(457, 'Yoong Bin Bay', '', '', 'รังษี', 'ท้าวสาลี', '', '', 'สระแก้ว', '', '5397002188', 'ธนาคารกรุงเทพ', 465),
(458, ' เปลี่ยนรูปภาพหน้าปก Choltis Noomdee Oom', '', '', 'นายชลธิศ', 'นุ่มดี', '', '', 'สุพรรณบุรี', '', '4020404123', 'ธนาคารไทยพาณิชย์ ', 466),
(459, 'เกียรติ ยั่งยืย', '', '', 'ชูชาติ', 'ยั่งยืน', '', '', 'สมุทรปราการ', '', '122-5-54670-2', 'ธนาคารกรุงเทพ', 467),
(460, 'Sanya halo', '', '', 'เรืองศักดิ์', 'ตันวัฒนาอารีย์', '', '', 'ชลบุรี', '', '5762007314', 'ธนาคารกสิกรไทย', 468),
(461, 'Nomchong KB', '', '', ' นาย มานิตย์', 'ขำเนตร', '', '', 'กรุงเทพ', '', '010-2-05678-9', 'ธนาคารกสิกรไทย', 469),
(462, 'หนามเตย ไปทุกที่มีทาง', '', '', 'จักรกฤษณ์', 'ศิริ', '', '', 'กรุงเทพมหานคร', '', '164-223381-1', 'ธนาคารไทยพาณิชย์ ', 470),
(463, 'Thawat Thongkhamcharoen', '', '', 'ธวัช', 'ทองคำเจริญ', '', '', 'สุพรรณบุรี', '', '469-024075-1', 'ธนาคารกรุงเทพ', 471),
(464, 'นันทวุธ พุทธรักษา', '', '', 'นันทวุธ', 'พุทธรักษา', '', '', 'ฉะเชิงเทรา', '', '7472145462', 'ธนาคารไทยพาณิชย์ ', 472),
(465, 'อุเทน ร้านตัดชุดครุยทุกสถาบัน', '', '', 'อุเทน', 'อุทธิยา', '', '', 'กรุงเทพ', '', '1352148736', 'ธนาคารทหารไทย', 473),
(466, 'sam namkaew', '', '', 'สัมพันธ์', 'น้ำแก้ว', '', '', 'สุพรรณบุรี', '', '301 1 18750 2', 'ธนาคารกรุงศรีอยุธยา', 474),
(467, 'สิทธิ์ ท่าฉลอม', '', '', 'นายธนะสวัสดิ์', 'ภูวะสุรินทร์', '', '', 'กทม.', '', '660-2-14908-9', 'ธนาคารกสิกรไทย', 475),
(468, 'Thawat Son', '', '', 'ธวัชชัย', 'สนองค์', '', '', 'สมุทรสาคร', '', '2270401819', 'ธนาคารกรุงเทพ', 476),
(469, 'Sasikan Kan', '', '', 'ศิศิกานต์', 'อาศัยผล', '', '', 'กทม', '', '009-0-04199-2', 'ธนาคารกรุงไทย', 477),
(470, 'Chaloem Inhoum', '', '', 'เฉลิม', 'อินหอม', '', '', 'จ.พิษณุโลก ', '', '073-2-34927-8', 'ธนาคารกสิกรไทย', 478),
(471, 'นิรันดร์ สุพรรณบุรี', '', '', 'นิรันดร์', 'ขาวพันธุ์', '', '', 'สุพรรณบุรี', '', '4082895723', 'ธนาคารกสิกรไทย', 479),
(472, 'Love Rayong', '', '', 'อนุชา', 'สาธุพันธ์', '', '', 'สุพรรณบุรี', '', '013-2-90302-7', 'ธนาคารไทยพาณิชย์ ', 480),
(473, 'montree thaitae', '', '', 'มนตรี', 'ไทยแท้', '', '', 'อยุธยา', '', '574-260621-9', 'ธนาคารไทยพาณิชย์ ', 481),
(474, 'สวรรค์ ผกาวัน', '', '', 'สวรรค์', 'ผกาวัน', '', '', 'กรุงเทพ', '', '1624300289', 'ธนาคารกรุงเทพ', 482),
(475, 'จอม บางแก้ว', '', '', 'นายธีระศักดิ์', 'สุวรรณพาหุ', '', '', 'กรุงเทพ', '', '03-224488-20', 'ธนาคารทหารไทย', 483),
(476, 'สันติ  แก้วบุญปัน', '', '', 'สันติ', 'แก้วบุญปัน', '', '', 'กรุงเทพ', '', '1602657958', 'ธนาคารไทยพาณิชย์ ', 484),
(477, 'เดชฤทธิ์ รัตนมงกุฎ', '', '', 'เดชฤทธิ์', 'รัตนมงกุฎ', '', '', 'สมุทรปราการ', '', '250399276', 'ธนาคารกรุงเทพ', 485),
(478, 'Tanet Aramruang', '', '', 'ธเนต', 'อร่ามเรือง', '', '', 'สุพรรณบุรี', '', '7110290913', 'ธนาคารกรุงไทย', 486),
(479, 'Kwanchai  Swangsri', '', '', 'นายขวัญชัย', 'สว่างศรี', '', '', 'สุพรรณบุรี', '', '6192157941', 'ธนาคารกสิกรไทย', 487),
(480, 'Kwang Jino', '', '', 'ไกรวุธ', 'ตันกลาง', '', '', 'นนทบุรี', '', '183 228752 3', 'ธนาคารไทยพาณิชย์ ', 488),
(481, 'มาโนชน์  มหาพรม', '', '', 'มาโนชน์', 'มหาพรม', '', '', 'สิงห์บุรี', '', '1122243792', 'ธนาคารไทยพาณิชย์ ', 489),
(482, 'Pathawee Jaikla', '', '', 'ปฐวี', 'ใจกล้า', '', '', 'สุรินทร์', '', '331-249669-4', 'ธนาคารไทยพาณิชย์ ', 490),
(483, 'Apirak Suvannasorn', '', '', 'อภิรักษ์', 'สุวรรณศร', '', '', 'สุพรรณบุรี', '', '758-2-28978-0', 'ธนาคารกสิกรไทย', 491),
(484, 'อา เหลียงง''ง', '', '', 'ขจรภพ', 'พรพรรณนุกูล', '', '', 'นครปฐม', '', '4590368315', 'ธนาคารกรุงไทย', 492),
(485, 'Witchu Soodsawart', '', '', 'วิชชุ', 'สุดสวาสดิ์', '', '', 'พระนครศรีอยุธยา', '', '3452899867', 'ธนาคารไทยพาณิชย์ ', 493),
(486, 'นักสะสม พระ', '', '', 'สุวรรณา', 'พึ่งสุ', '', '', 'สุพรรณบุรี', '', '3070970466', 'ธนาคารกรุงเทพ', 494),
(487, 'เคน หนุ่มสุพรรณ', '', '', 'ทศพร', 'กระต่ายทอง', '', '', 'สุพรรณบุรี', '', '3112519826', 'ธนาคารทหารไทย', 495),
(488, 'Hannibal smith', '', '', 'ณัฐพล', 'ธรรมเสนา', '', '', 'กรุงเทพ', '', '760306399', 'ธนาคารกรุงเทพ', 496),
(489, 'เจ้าหมูอ้วนตัวน้อย', '', '', 'ชัยวัฒน์', 'พวงสมบัติ', '', '', 'สุพรรณบุรี', '', '20106663998', 'ธนาคารออมสิน', 497),
(490, 'Somsak Magrudin', '', '', 'สมศักดิ์', 'มะกรูดอินทร์', '', '', '', '', '255-2-54515-2', 'ธนาคารกสิกรไทย', 498),
(491, 'โซลูชั่น สิบสี่', '', '', 'นายภัควัสส์', 'รุ่งโอภาวิศิษฏ์', '', '', 'นครปฐม', '', '66009889', 'ธนาคารกรุงไทย', 499),
(492, 'ยุทธ บางลี่', '', '', 'ชัยยุทธ', 'อริกุล', '', '', 'สุพรรณบุรี', '', '7260055020', 'ธนาคารกรุงเทพ', 500),
(493, 'Ren Dear', '', '', 'ชลธิชา', 'ทิพวัน', '', '', '', '', '401-2-38856-1', 'ธนาคารไทยพาณิชย์ ', 501),
(494, 'อู๊ด บ้านโพธิ์', '', '', 'สรชาติ', 'หอมจรรยา', '', '', 'ลพบุรี', '', '259 2 65109 7', 'ธนาคารกสิกรไทย', 502),
(495, 'โบยบินตามสายลม ลองลอบตามสายน้ำ', '', '', 'ฤชุกร', 'ปิยะสติ', '', '', 'กรุงเทพ', '', '842711533', 'ธนาคารกสิกรไทย', 503),
(496, 'Thawat Jaiyungyuen', '', '', 'ธวัช', 'ใจยั่งยืน', '', '', 'สุพรรณบุรี', '', '245-2-24598-1', 'ธนาคารธนชาติ', 504),
(497, 'อดิศัย หนูทอง', '', '', 'อดิศัย', 'หนูทอง', '', '', 'สุพรรณบุรี', '', '3403190222', 'ธนาคารกสิกรไทย', 505),
(498, 'PPegasus Mar', '', '', 'องอาจ', 'เชาวทัศน์', '', '', 'กรุงเทพ', '', '105-254775-3', 'ธนาคารไทยพาณิชย์ ', 506),
(499, 'narrong', '', '', 'ณรงค์ชัย', 'ยรรยงพาณิชย์', '', '', 'ปทุมธานี', '', '4752268646', 'ธนาคารกสิกรไทย', 507),
(500, 'Thitiwat Wasuponewiboon', '', '', 'ธิติวัฒน์', 'วสุพรวิบูลย์', '', '', 'อุบลราชธานี', '', '366000099', 'ธนาคารธนชาต', 508),
(501, 'นู๋ตุ่ม นู๋ตุ่ม', '', '', 'สวาท', 'น้ำทับทิม', '', '', 'สุพรรณบุรี', '', '7832021940', 'ธนาคารกสิกรไทย', 509),
(502, 'เสยาเส้น ศิษย์หลวงพ่อโอด วัดจันเสน', '', '', 'เสรี', 'โพนาคา', '', '', 'สมุทรปราการ', '', '2310550369', 'ธนาคารกรุงเทพ', 510),
(503, 'Weerapong Tadkesorn', '', '', 'วีระพงศ์', 'ทัดเกษร', '', '', 'สุพรรณบุรี', '', '7110296709', 'ธนาคารกรุงไทย', 511),
(504, 'tom rainbow', '', '', 'วันฉัตร', 'หลีกเมฆ', '', '', 'ปทุมธานี', '', '372-238924-1', 'ธนาคารไทยพาณิชย์ ', 512),
(505, 'Arunee Baifern', '', '', 'อรุณี', 'ช่างทองคำ', '', '', 'นนทบุรี', '', '2692033631', 'ธนาคารไทยพาณิชย์ ', 513),
(506, 'tamagonta ratana', '', '', 'ทินกร', 'รัตนพิชญชัย', '', '', 'กทม', '', '7412170339', 'ธนาคารกสิกรไทย', 514),
(507, 'ธานินทร์ ศิษย์หลวงปู่นาม', '', '', 'ธานินทร์', 'ขวัญดี', '', '', 'สุพรรณบุรี', '', '3590029935', 'ธนาคารกรุงไทย', 515),
(508, 'sirichai khowjun', '', '', 'สิริชัย', 'ขาวจันทร์', '', '', 'สุพรรณบุรี', '', '1982344537', 'ธนาคารกสิกรไทย', 516),
(509, 'ก้อยเกด', '', '', 'นางสาวดวงใจ', 'ฟักอ่อน', '', '', 'สุพรรณบุรี', '', '20031790759', 'ธนาคารออมสิน', 517),
(510, 'Yingying Pimpaphat', '', '', 'Pimpaphat', 'Thongtha', '', '', 'อุดรธานี', '', '6602235074', 'ธนาคารกสิกรไทย', 518),
(511, 'Yui Ruengrit', '', '', 'ปุณยนุช', 'เรืองฤทธิ์', '', '', 'สุพรรณบุรี', '', '730-0-16521-4', 'ธนาคารกรุงไทย', 519),
(512, 'panomkorn sriwichean', '', '', 'พนมกร', '  ศรีวิเชียร', '', '', 'สุพรรณบุรี', '', '747-0-22506-4', 'ธนาคารกรุงไทย', 520),
(513, 'jetpol yuprapat', '', '', 'เจตพล', 'อยู่ประพัฒน์', '', '', 'ระยอง', '', '3902358470', 'ธนาคารกสิกรไทย', 521),
(514, 'Naphat Rakkarndee', '', '', 'นายนพัช', 'รักการดี', '', '', 'กรุงเทพมหานคร', '', '1880117576', 'ธนาคารกรุงไทย', 522),
(515, 'Boy Dexwang', '', '', 'สมมาตร', 'วีระพันธุ์', '', '', 'สุพรรณบุรี', '', '2202375246', 'ธนาคารกสิกรไทย', 523),
(516, 'แจ๊ต โพนทอง', '', '', 'แจ๊ต', 'โพนทอง', '', '', 'ลพบุรี', '', '170174031', 'ธนาคารกรุงเทพ', 524),
(517, 'Nirut ra', '', '', 'นิรุต', 'นิรุต ระพีพรรณานนท์', '', '', 'กรุงเทพฯ', '', '089-260708-4', 'ธนาคารไทยพาณิชย์ ', 525),
(518, 'ยักษ์ วิเศษนิยม', '', '', 'นายธีรพงษ์', 'สมานรักษ์', '', '', 'นครสวรรค์', '', '148-151-9565', 'ธนาคารกรุงไทย', 526),
(519, 'คนมันเหน่อ สุ1000', '', '', 'สุชาวิชญ์', 'มะลิอ่องชูสิน', '', '', 'สุพรรณบุรี', '', '451-4-00002-1', 'ธนาคารกรุงศรีอยุธยา', 527),
(520, 'อนุวัฒน์ ป้องกัน', '', '', 'อนุวัฒน์', 'ป้องกัน', '', '', 'สุพรรณบุรี', '', '678-221845-4', 'ธนาคารไทยพาณิชย์ ', 528),
(521, 'Saenthavee Jumpeethong', '', '', 'แสนทวี', 'จำปีทอง', '', '', '', '', '968-0-05600-7', 'ธนาคารกรุงไทย', 529),
(522, 'Chalom namawansri', '', '', 'ฉลอม', 'นะมะวานศรี', '', '', 'กรุงเทพๆ', '', '20071064362', 'ธนาคารออมสิน', 530),
(523, 'น้ำหอม หลวงพ่อคูณวัดบ้านไร่', '', '', 'ประพล', 'ชาวห้วยหมาก', '', '', 'สุพรรณบุรี', '', '711-2-88581-6', 'ธนาคารกสิกรไทย', 531),
(524, 'Chairat Pongphal', '', '', 'ชัยรัตน์', 'ป้องพาล', '', '', 'นนทบุรี', '', '142-233-4589', 'ธนาคารกสิกรไทย', 532),
(525, 'ขุนแผน ด่านช้าง', '', '', 'สมบูรณ์', 'สุจริต', '', '', 'สุพรรณบุรี', '', '054-8504-1745-9', 'ธนาคารออมสิน', 533),
(526, 'บอยสุพรรณวัดแค', '', '', 'ประไพ', 'สุภะผ่องศรี', '', '', 'สุพรรณบุรี', '', '079-2-00097-7', 'ธนาคารกสิกรไทย', 534),
(527, 'Wipawee Nomrawee', '', '', 'วิภาวี', 'นุ่มรวี', '', '', 'สุพรรณบุรี', '', '739-0-12560-8', 'ธนาคารกรุงไทย', 535),
(528, 'Jittapon Nomrawee', '', '', 'จิตพล', 'นุ่มรวี', '', '', 'สุพรรณบุรี', '', '739-0-12560-8', 'ธนาคารกรุงไทย', 536),
(529, 'Sunan Khong', '', '', 'สุนันท์', 'คงประคอง', '', '', 'สุพรรณบุรี', '', '739-0-12560-8', 'ธนาคารกรุงไทย', 537),
(530, 'มานัสชัย เรือศรีจันทร์', '', '', 'มนัสชัย', 'เรือศรีจัน', '', '', 'สุพรรณบุรี', '', '288-2-57589-9', 'ธนาคารกสิกรไทย', 538),
(531, 'Sonthaya Silapapailas', '', '', 'สนธยา', 'ศิลปไพลาศ', '', '', 'สุพรรณบุรี', '', '982-4-38497-9', 'ธนาคารกรุงไทย', 539),
(532, 'วัฒนา อินทร์จันดา', '', '', 'นายวัฒนา', 'อินทร์จันดา', '', '', 'ปราจีนบุรี', '', '202-2-54585-4', 'ธนาคารกสิกรไทย', 540),
(533, 'non chanon', '', '', 'ชานนท์', 'สุนทรประเสริฐ', '', '', 'สุพรรณบุรี', '', '4041505570', 'ธนาคารไทยพาณิชย์ ', 541),
(534, 'โต ท่าเรือ', '', '', 'ธุดงค์', 'นาคฤกษ์', '', '', 'อยุธยา', '', '4690795143', 'ธนาคารกรุงเทพ', 542),
(535, 'Satsawat Rattanasrimetha', '', '', 'ศาศวัต', 'รัตนศรีเมธา', '', '', 'สุพรรณบุรี', '', '4180444962', 'ธนาคารกรุงเทพ', 543),
(536, 'ตูน ชำนาญกิจ', '', '', 'สาริตุล', 'ชำนาญกิจ', '', '', 'ระยอง', '', '540 455001-3', 'ธนาคารกรุงเทพ', 544),
(537, 'nopporn p-k', '', '', 'นพพรร', 'แพรเขียว', '', '', 'อ่าทอง', '', '2330337531', 'ธนาคารกรุงไทย', 545),
(538, 'ผี แด๊งแดง', '', '', 'อดิศักดิ์', 'แถวอุทุม', '', '', 'เลย', '', '4045065289', 'ธนาคารไทยพาณิชย์ ', 546),
(539, ' ต้อม เดิมบาง ท่าช้าง', '', '', 'ขจรพงศ์', 'โตจำนงค์', '', '', 'สุพรรณบุรี', '', '198-2269020', 'ธนาคารกสิกรไทย', 547),
(540, 'Sam Loso', '', '', 'นาย สุธิพงษ์', 'พูลสวัสดิ์', '', '', 'กรุงเทพมหานคร', '', '361-262421-4', 'ธนาคารไทยพาณิชย์ ', 548),
(541, 'บอล พระประแดง', '', '', 'กฤษฎ์', 'ปั้นรัต', '', '', 'สมุทรปราการ', '', '3552520114', 'ธนาคารไทยพาณิชย์ ', 549),
(542, 'Wanchai Thanyacharoen', '', '', 'วันชัย', 'ธัญญเจริญ', '', '', 'สุพรรณบุรี', '', '7130636777', 'ธนาคารกรุงไทย', 550),
(543, 'Pran newapca', '', '', 'อภิชาต', 'เฉลิมสงฆ์', '', '', 'พระนครศรีอยุธยา', '', '7822758734', 'ธนาคารไทยพาณิชย์ ', 551),
(544, 'tawinkhongsinchai', '', '', 'ถวิล', 'คงสินชัย', '', '', 'อยุธยา', '', '073-033063-6', 'ธนาคารกรุงเทพ', 552),
(545, 'สมเกียรติ ช่วงมณีโชติ', '', '', 'สมเกียรติ', 'ช่วงมณีโชติ', '', '', 'ปทุมธานี', '', '229-2-15540-1', 'ธนาคารทหารไทย', 553),
(546, 'คนรัก ครอบครัว', '', '', 'ราเชน', 'จันทร์เพ็ญ', '', '', 'สระบุรี', '', '211-2-60576-5', 'ธนาคารกสิกรไทย', 554),
(547, 'แค๊ป สุพรรณ', '', '', 'ศุภรักษ์', 'ศรีสังข์งาม', '', '', 'สุพรรณบุรี', '', '9801561521', 'ธนาคารกรุงไทย', 555),
(548, 'Manatkawee Sirikool', '', '', 'มานัสกวี', 'ศิริกุล', '', '', 'ฉะเชิงเทรา', '', '386-410513-9', 'ธนาคารกรุงเทพ', 556),
(549, 'Kittanes Pinyo', '', '', 'กิตติ์ธเนศ', 'ภิญโญ', '', '', 'กาญจนบุรี', '', '1692434141', 'ธนาคารกสิกรไทย', 557),
(550, 'ชาญชัย มาเหลน', '', '', 'ชาญชัย', 'มาเหลน', '', '', 'กรุงเทพ', '', '8192566813', 'ธนาคารไทยพาณิชย์ ', 558),
(551, 'Artit  jundee', '', '', 'นายอาทิตย์', 'จันดี', '', '', 'ชลบุรี', '', '688-286253-5', 'ธนาคารไทยพาณิชย์ ', 559),
(552, 'วัชระ สิงหาโคต', '', '', 'นายวัชระ', 'สิงหาโคต', '', '', 'อำนาจเจริญ', '', '286-220871-5', 'ธนาคารไทยพาณิชย์ ', 560),
(553, 'ปู ช่องกุ่ม', '', '', 'แสงอรุณ', 'ประยงค์ขำ', '', '', 'สระแก้ว', '', '6077160874', 'ธนาคารกรุงเทพ', 561),
(554, 'supalerk jaisuda', '', '', 'ศุภฤกษ์', 'ใจสุดา', '', '', 'กรุงเทพ', '', '6512150797', 'ธนาคารกสิกรไทย', 562),
(555, 'ผมหนุ่ย ราชแขวง', '', '', 'ธนพล', 'ราชแขวง', '', '', 'กรุงเทพ', '', '244-0-06401-7', 'ธนาคารกรุงไทย', 563),
(556, 'Teerawut Wongsakanayath', '', '', 'นายรัชพล', 'เรขะไชยเดช', '', '', 'กรุงเทพฯ', '', '312-238119-4', 'ธนาคารไทยพาณิชย์ ', 564),
(557, 'yuttana yangpet', '', '', 'ยุทธนา', 'แยงเพชร', '', '', 'สุพรรณบุรี', '', '1362238826', 'ธนาคารกสิกรไทย', 565),
(558, 'Ant Samart', '', '', 'สามารถ', 'ใจมล', '', '', 'สุพรรณบุรี', '', '391-0-29209-7', 'ธนาคารกรุงไทย', 566),
(559, 'พีท พราวเทพ', '', '', 'ฐานันดร', 'คล้ายสิทธิ์', '', '', 'กรุงเทพ', '', '2022063476', 'ธนาคารไทยพาณิชย์ ', 567),
(560, 'tommy bangma', '', '', 'ทรัพย์สถิตย์', 'มั่นมะโน', '', '', 'สุพรรณบุรี', '', '2324393012', 'ธนาคารกรุงเทพ', 568),
(561, 'นาน วัดดอน', '', '', 'นาย ชำนาญ', 'เทียนอร่าม', '', '', 'ปทุมธานี', '', '5692104430', 'ธนาคารกสิกรไทย', 569),
(562, 'อาเซน ของป๋าปุ๊', '', '', 'นาย วิรัตน์', 'หวานใจ', '', '', 'อยุธยา', '', '3832163195', 'ธนาคารไทยพาณิชย์ ', 570),
(563, 'ฺฺBigg Kaiwan', '', '', 'ไกวัล', 'ป้อมทอง', '', '', 'สุพรรณบุรี', '', '2882568922', 'ธนาคารกสิกรไทย', 571),
(564, 'Mook Classic Mc', '', '', 'นาย วีระฉัตร', 'กลั่นอยู่', '', '', 'ลพบุรี', '', '3910866775', 'ธนาคารกรุงเทพ', 572),
(565, 'องอาจ แก้วสีสุก', '', '', 'องอาจ', 'แก้วสีสุก', '', '', 'ร้อยเอ็ด', '', '8650173803', 'ธนาคารกรุงเทพ', 573),
(566, 'ก๊อบซัง กะ บ๊วย', '', '', 'นายไพฑูรย์', 'ดาวลอย', '', '', 'สระบุรี', '', '3706026548', 'ธนาคารธนชาต', 574),
(567, 'ป้อม ศิษย์หลวงปู่นาม วัดน้อยชมภู่', '', '', 'สุภาพ', 'จิตภักดี', '', '', 'ราชบุรี', '', '611-254402-7', 'ธนาคารไทยพาณิชย์ ', 575),
(568, 'chalor puonglamyai', '', '', 'ชลอ', 'พวงลำใย', '', '', 'กรุงเทพ         ', '', '2021171809', 'ธนาคารกรุงไทย', 576),
(569, 'ตี๋ใหญ่ รับงาน(สมชาย รับเช่าพระเครื้อง)', '', '', 'สมชาย', 'ท้วมขำ', '', '', 'จ.สมุทรสาคร', '', '439-2-71479-6', 'ธนาคารกสิกรไทย', 577),
(570, 'Arnun Sangnil', '', '', 'อานันท์', 'แสงนิล', '', '', 'สุพรรณบุรี', '', '9819094674', 'ธนาคารกรุงไทย', 578),
(571, 'อนันต์_พิหารแดง', '', '', 'อนันต์', 'ธรรมโชโต', '', '', 'สุพรรณบุรี', '', '3590136243', 'ธนาคารกรุงไทย', 579),
(572, 'บอล รั้วใหญ่', '', '', 'นายกมล', 'ชำนาญศรี', '', '', 'สุพรรณบุรี', '', '7832052218', 'ธนาคารกสิกรไทย', 580),
(573, 'ณภัทร มีสุขนะ', '', '', 'อำนาจ', 'ประมาพันธ์', '', '', 'ระยอง', '', '9462372217', 'ธนาคารไทยพาณิชย์ ', 581),
(574, 'Phuwasit Chatpoj', '', '', 'นาย ภูวสิษฏ์', 'ชาติพจน์', '', '', 'สมุทรปราการ', '', '3592901144', 'ธนาคารกสิกรไทย', 582),
(575, 'นายเต้ สังกัดเทคโนตาก', '', '', 'สุรศักดิ์', 'เพ็ชรวิเศษ', '', '', 'สุโขทัย', '', '6030391453', 'ธนาคารกรุงไทย', 583),
(576, 'Ton Fishing Som Chuk', '', '', 'มงคลชัย', 'ตันวิเชียรศรี', '', '', 'สุพรรณบุรี', '', '418-0-34784-3', 'ธนาคารกรุงเทพ', 584),
(577, 'Wanchaleam Boonnak', '', '', 'วันเฉลิม', 'บุนนาค', '', '', 'สุพรรณบุรี', '', '981-2-59850-2', 'ธนาคารกรุงไทย', 585),
(578, 'muy thanakarn', '', '', 'ธนาการ', 'รัตนพงศ์ปกรณ์', '', '', 'สุพรรณบุรี', '', '683-242337-3', 'ธนาคารไทยพาณิชย์ ', 586),
(579, 'สมชาย  ชาวพิหารแดง', '', '', 'นายสมชาย', 'ชาวพิหารแดง', '', '', 'อ่างทอง', '', '2501600553', 'ธนาคารกรุงศรีอยุธยา', 587),
(580, 'PanZy Classic', '', '', 'เฉลิมพงษ์', 'ภาครัสมี', '', '', 'กรุงเทพ', '', '322455288', 'ธนาคารทหารไทย', 588),
(581, 'Peerawich Pimpaporn', '', '', 'พีรวิชญ์', 'พิมพาภรณ์', '', '', 'กรุงเทพ', '', '6352056489', 'ธนาคารกสิกรไทย', 589),
(582, 'apirat cheunwajeetum', '', '', 'อภิรัฐ', 'ชื่นวจีธรรม', '', '', 'กาญจนบุรี', '', '714-0-24063-9', 'ธนาคารกรุงไทย', 590),
(583, 'ฺBoy Man', '', '', 'ปราโมทย์', 'นันทพูลสิน', '', '', 'กรุงเทพ', '', '064-2-89444-7', 'ธนาคารกสิกรไทย', 591),
(584, 'แคล้ว พระเครื่อง', '', '', 'นายสมเชาว์', 'ศรีศักดา', '', '', 'สุพรรณบุรี', '', '390-2-23332-5', 'ธนาคารกสิกรไทย', 592),
(585, 'ใครจะบอกได้ ว่าควรหยุดพักหรือไปต่อ', '', '', 'พิมลวรรณ', 'บุตรสาระ', '', '', 'สมุทรปราการ', '', '8637037261', 'ธนาคารกรุงเทพ', 593),
(586, 'Bank msbangyai', '', '', 'นายอภิวัฒน์', 'ชัยศักดิ์เลิศ', '', '', 'นนทบุรี', '', '4050549896', 'ธนาคารไทยพาณิชย์ ', 594),
(587, ' somnapa changsanguan', '', '', 'สมนภา', 'ช่างสงวน', '', '', 'ชลบุรี', '', '6260469728', 'ธนาคารกรุงเทพ', 595),
(588, 'Thanaseth Sitthipunyarot', '', '', 'ธนเสฏฐ์', 'สิทธิปุญญโรจน์', '', '', 'ปทุมธานี', '', '1052539166', 'ธนาคารไทยพาณิชย์ ', 596),
(589, 'ฟ้าใส ทะเลสวย', '', '', 'น.ท.ปรีชา', 'อุปพงษ์', '', '', 'กรุงเทพฯ', '', '4045807835', 'ธนาคารไทยพาณิชย์ ', 597),
(590, 'ขุน เพชร', '', '', 'นายสมชัย', 'เบ็ญเจิด', '', '', 'สุรินทร์', '', '1930148399', 'ธนาคารกรุงไทย', 598),
(591, 'Thekop Ck', '', '', 'สหพัทธ', 'เอมเขียน', '', '', 'สุพรรณบุรี', '', '540-6-02897-3', 'ธนาคารธนชาต', 599),
(592, 'คมใต้ ศรีวิชัย', '', '', 'นายศุภกิจ', 'ฉาวเกียรติ', '', '', 'สุราษฏ์ธานี', '', '099-2-43799-6', 'ธนาคารทหารไทย', 600),
(593, 'Manman Makmay', '', '', 'นันทิดา', 'พันธุ์เดช', '', '', 'ชัยภูมิ', '', '257-2-66232-5', 'ธนาคารกสิกรไทย', 601),
(594, 'สกาย สบายดี', '', '', 'อดิศัย', 'เสถียระบุตร์', '', '', 'กทม', '', '218-017078-5', 'ธนาคารกรุงเทพ', 602),
(595, 'ปุโรหิตดำพระเครื่อง', '', '', 'ไพโรจน์', 'กึงรัมย์', '', '', 'บุรีรัมย์', '', '475-253339-9', 'ธนาคารกสิกรไทย', 603),
(596, 'Bas Bom', '', '', 'อาคม', 'ทองไพรวรรณ', '', '', 'สุพรรณบุรี', '', '324-2-30116-3', 'ธนาคารธนชาต', 604),
(597, 'Prachoen K-jai', '', '', 'ประเชิญ', 'เกลียวใจ', '', '', 'สมุทรปราการ', '', '304-279848-9', 'ธนาคารไทยพาณิชย์ ', 605),
(598, ' หลิง  ศรีประจันต์', '', '', 'คุณ สุพรรษา', 'บุญนาค', '', '', 'สุพรรณบุรี', '', '980-1-525924', 'ธนาคารกรุงไทย', 606),
(599, 'Kook Zaza', '', '', 'จันทาทิพย์', 'ศรีสุข', '', '', 'สุพรรณบุรี', '', '1601250384', 'ธนาคารกรุงศรีอยุธยา', 607),
(600, 'watchara lintong', '', '', 'นายวัชระ', 'ลินทอง', '', '', 'สุรินทร์', '', '752076555', 'ธนาคารกสิกรไทย', 608),
(601, 'Kitsada  Tangnoi', '', '', 'กฤษฎา', 'แตงน้อย', '', '', 'อุทัยธานี', '', '6832429044', 'ธนาคารไทยพาณิชย์ ', 609),
(602, 'Jum Khobkun', '', '', 'สุภลักษณ์', 'กิตติกรวงศา', '', '', 'สุพรรณบุรี', '', '982-4-60607-6', 'ธนาคารกรุงไทย', 610),
(603, 'สิทธิ เทวา', '', '', 'อังกูร', 'อนันตบุรี', '', '', 'กรุงเทพ', '', '7232650065', 'ธนาคารกสิกรไทย', 611),
(604, 'Boy Bam', '', '', 'นาย ทรงชัย', 'ชะนะวงษ์', '', '', 'สุพรรณบุรี', '', '6832194869', 'ธนาคารไทยพาณิชย์ ', 612),
(605, 'Damrongchai chimphan', '', '', 'ดำรงค์ชัย', 'ฉิมพันธ์', '', '', 'สุพรรณบุรี', '', '3902361501', 'ธนาคารกสิกรไทย', 613),
(606, 'ผมรัก กุมารทอง', '', '', 'ฐิรวัฒน์', 'บางนาชาติ', '', '', 'สิงห์บุรี', '', '3910391958', 'ธนาคารกรุงไทย', 614),
(607, 'Tor pornphom kuntee', '', '', 'นายพรพรหม', 'คุณที', '', '', 'สุพรรณบุรี', '', '3902272282', 'ธนาคารกสิกรไทย', 615),
(608, 'SnazzyArt NorthBangkok', '', '', 'อนุ', 'เอื้อประเสริฐชัย', '', '', 'สุพรรณบุรี', '', '7470136045', 'ธนาคารกรุงไทย', 616),
(609, 'Gemini Mantwoface', '', '', 'ธนศักดิ์', 'กาญจนเมฆ', '', '', 'กรุงเทพ', '', '1382036252', 'ธนาคารไทยพาณิชย์ ', 617),
(610, 'บุญมีเฮ ผู้ดีเกาหลีเก่า', '', '', 'นายบุญชัย', 'ชุ่มเย็น', '', '', 'สุพรรณบุรี', '', '3192283581', 'ธนาคารกสิกรไทย', 618),
(611, 'Ton Abunai', '', '', 'นัทพงษ์', 'สันทัด', '', '', 'กรุงเทพ', '', '892583058', 'ธนาคารกสิกรไทย', 619),
(612, 'แจ็ค โซดา', '', '', 'ทรงศักดิ์', 'ธรรมชาติ', '', '', 'กาญจนบุรี', '', '1382127134', 'ธนาคารไทยพาณิชย์ ', 620),
(613, 'Aum Chatchai', '', '', 'นายฉัตรชัย', 'โพธิ์ระดก', '', '', 'สุพรรณบุรี', '', '9811543038', 'ธนาคารกรุงไทย', 621),
(614, 'ขวัญดาว ปิ่นรอด', '', '', 'นางสาวขวัญดาว', 'ปิ่นรอด', '', '', 'สุพรรณบุรี', '', '3890393329', 'ธนาคารกรุงเทพ', 622),
(615, 'Bay Krung', '', '', 'อำนาจ', 'สุทธิศิริ', '', '', 'กรุงเทพมหานคร', '', '1954734461', 'ธนาคารกรุงเทพ', 623),
(616, 'พิทักษ์ธรรม สุดชีวิต', '', '', 'สุริยา', 'มุมทอง', '', '', 'สุรินทร์', '', '3112782256', 'ธนาคารกสิกรไทย', 624),
(617, 'somyot Rukphuangthong', '', '', 'สมยศ', 'รักพวงทอง', '', '', 'สุพรรณบุรี', '', '711-0-04533-1', 'ธนาคารกรุงไทย', 625),
(618, 'Kat S. Chaiyasit', '', '', 'ชัยสิทธิ์', 'ศรีสาคร', '', '', 'สุพรรณบุรี', '', '8702122989', 'ธนาคารกสิกรไทย', 626),
(619, 'นู๋แสบ น้ำมันพราย', '', '', 'ฉัตรชัย', 'ดิษเทศ', '', '', 'กรุงเทพ-กาญจนบุรี', '', '048-2-43894-8', 'ธนาคารกสิกรไทย', 627),
(620, 'ม.ร.ว แม่เรียกว่า ฮ็อด', '', '', 'สมชาย', 'ธรรมมนตรี', '', '', 'อุบลราชธานี', '', '083-2-58726-5', 'ธนาคารกสิกรไทย', 628),
(621, 'คัมภีร์ คลาสสิค', '', '', 'นายมานิตย์', 'พุทธรักษา', '', '', 'อำนาจเจริญ', '', '6291188787', 'ธนาคารกรุงศรีอยุธยา', 629),
(622, 'อิทธิกร เทพประทานพร', '', '', 'อิทธิกร', 'บุญสาระวัง', '', '', 'ลำปาง', '', '5281213660', 'ธนาคารกรุงไทย', 630),
(623, 'คน หัวใจสิงห์', '', '', 'จิรศักดิ์', 'บุญที', '', '', 'ปทุมธานี', '', '567-0-15325-1', 'ธนาคารกรุงไทย', 631),
(624, 'Theerapong Pornphiraniyom', '', '', 'นายธีรพงษ์', 'ภรณ์พิริยะนิยม', '', '', 'สุพรรณบุรี', '', '4054019217', 'ธนาคารไทยพาณิชย์ ', 632),
(625, 'marut maneeprakorn', '', '', 'มรุต', 'มณีประกรณ์', '', '', 'สมุทรปราการ', '', '7082204150', 'ธนาคารกสิกรไทย', 633),
(626, 'พันเอก เกรียงไกร', '', '', 'เกรียงไกร', 'พันธ์เอก', '', '', 'สุพรรณบุรี', '', '404-834061-2', 'ธนาคารไทยพาณิชย์ ', 634),
(627, 'Anuphap Ruanjailark', '', '', 'อานุภาพ', 'เรือนใจหลัก', '', '', 'สุพรรณบุรี', '', '5912502790', 'ธนาคารไทยพาณิชย์ ', 635),
(628, 'Kiat sagaset zaa', '', '', 'เกียรติกวิน', 'ธุวนนท์สถาน', '', '', 'สุพรรณบุรี', '', '7100056314', 'ธนาคารกรุงไทย', 636),
(629, 'Chamnan  Srisawat', '', '', 'ชำนาญ', 'ศรีสวัสดิ์', '', '', 'กรุงเทพ', '', '9814624713', 'ธนาคารกรุงไทย', 637),
(630, 'สุเมธ  โตแก้ว', '', '', 'สุเมธ', 'โตแก้ว', '', '', 'ชัยนาท', '', '1744079219', 'ธนาคารกรุงเทพ', 638),
(631, 'สุทธิพงษ์  อินทร์มณี', '', '', 'สุทธิพงษ์', 'อินทร์มณี', '', '', 'สุพรรณบุรี', '', '9809435592', 'ธนาคารกรุงไทย', 639),
(632, 'นุจรี เพียรวิริยพงษ์', '', '', 'นุจรี', 'เพียรวิริยพงษ์', '', '', 'สุพรรณบุรี', '', '3074023163', 'ธนาคารกรุงเทพ', 640),
(633, 'วัด ช้างให้', '', '', 'ชัยยงค์', 'งามเหลือ', '', '', 'สิงห์บุรี', '', '240-225757-2', 'ธนาคารไทยพาณิชย์ ', 641),
(634, 'Ton Panpun', '', '', 'โกศล', 'แผนปั้น', '', '', 'นนทบุรี', '', '3652005323', 'ธนาคารไทยพาณิชย์ ', 642),
(635, 'Song Ayutthaya', '', '', 'บุญส่ง', 'งามนิมิตร', '', '', 'พระนครศรีอยุธยา', '', '469-2-13398-1', 'ธนาคารกสิกรไทย', 643),
(636, 'Kraisorn Tupnaka', '', '', 'ไกรสร', 'ทัพนาคา', '', '', 'ประจวบคีรีขันธ์', '', '9572052383', 'ธนาคารไทยพาณิชย์ ', 644),
(637, 'ศัทธา ปาฏิหารย์ ยยย', '', '', 'วันชัย', 'หนุ่ยศิลา', '', '', 'นครปฐม', '', '405-537846-0', 'ธนาคารไทยพาณิชย์ ', 645),
(638, 'Sen chainart', '', '', 'ชนสรณ์', 'ภูวะสุรินทร์', '', '', 'กรุงเทพ', '', '7902381567', 'ธนาคารกสิกรไทย', 646),
(639, 'Sattaya Sattrakom', '', '', 'ศรรตยา', 'สาตราคม', '', '', 'กรุงเทพ', '', '157-4-90378-5', 'ธนาคารกรุงเทพ', 647),
(640, 'Autthapon soonthonprakrasit', '', '', 'อรรถพล', 'สุนทรปกาสิต', '', '', 'กรุงเทพ', '', '867037004', 'ธนาคารกรุงเทพ', 648),
(641, 'คนบ้า ที่น่ารัก', '', '', 'สุริยะ', 'มะกรูดอินทร์', '', '', 'กรุงเทพ', '', '6012096230', 'ธนาคารกสิกรไทย', 649),
(642, 'อนุวัฒ ทับทิม', '', '', 'อนุวัฒพัชร', 'ทับทิม', '', '', 'กรุงเทพ', '', '442868123', 'ธนาคารกสิกรไทย', 650),
(643, 'คิงส์ พระรามสาม', '', '', 'ธีภพ', 'ใสเกืัอ', '', '', 'ลพบุรี', '', '22152274052', 'ธนาคารไทยพาณิชย์ ', 651),
(644, 'ภักดี ยาแสง', '', '', 'ภักดี', 'ยาแสง', '', '', 'ปทุมธานี', '', '038-0-05866-9', 'ธนาคารกรุงเทพ', 652),
(645, 'ขจรศักดิ์ ดีเซล', '', '', 'ขจรศักดิ์', 'เฟื่องฟุ้ง', '', '', 'สุพรรณบุรี', '', '405-563703-4', 'ธนาคารไทยพาณิชย์ ', 653),
(646, 'บัวมงคลพระเครื่อง', '', '', 'ปัญจวรรธน์', 'ศรีโกมุท', '', '', '', '', '772-2-16641-2', 'ธนาคารกสิกรไทย', 654),
(647, 'wiwat ritearm', '', '', 'วิวัฒน์', 'ฤทธิ์เอี่ยม', '', '', 'กรุงเทพ', '', '982-7-76528-0', 'ธนาคารกรุงไทย', 655),
(648, 'ณัฐวัฒน์ กิจพิทยาฤทธิ์', '', '', 'ณัฐวัฒน์', 'กิจพิทยาฤทธิ์', '', '', 'สุพรรณบุรี', '', '1601283279', 'ธนาคารกรุงศรีอยุธยา', 656),
(649, 'แป๊ะ แหวนทองคำ', '', '', 'กฤษณะ', 'แหวนทองคำ', '', '', 'สุพรรณบุรี', '', '160-1-25046-4', 'ธนาคารกรุงศรีอยุธยา', 657),
(650, 'charam ruangpaisal', '', '', 'ชรัมภ์', 'เรืองไพศาล', '', '', 'บุรีรัมย์', '', '380 260 620 4', 'ธนาคารไทยพาณิชย์ ', 658),
(651, 'Krisada Naknaka', '', '', 'กฤษฎา', 'นาคนาคา', '', '', 'ระยอง', '', '1501594647', 'ธนาคารกรุงศรีอยุธยา', 659),
(652, 'sivakorn usaha', '', '', 'ศิวกร', 'อุสาหะ', '', '', 'กรุงเทพ', '', '9702373473', 'ธนาคารกสิกรไทย', 660),
(653, 'nokkj jongjaroen', '', '', 'นายกุลพงษ์', 'จงเจริญ', '', '', 'สมุทรสาคร', '', '9952182002', 'ธนาคารกสิกรไทย', 661),
(654, 'Took Took Tshow', '', '', 'หัสสกล', 'จุไรทอง', '', '', 'กรุงเทพ', '', '1762304531', 'ธนาคารทหารไทย', 662),
(655, 'monchai chongwimansin', '', '', 'มนต์ชัย', 'จงวิมาณสินธุ์', '', '', 'กรุงเทพฯ', '', '1620943900', 'ธนาคารกรุงเทพ', 663),
(656, 'Rachabu Srimuang', '', '', 'รชาบูร', 'ศรีเมือง', '', '', 'สุพรรณบุรี', '', '201-2-59420-0', 'ธนาคารกสิกรไทย', 664),
(657, 'Kamphol Lertratpattana', '', '', 'กำพล', 'เลิศรัตน์พัฒนา', '', '', 'กรุงเทพ', '', '4017128013', 'ธนาคารไทยพาณิชย์ ', 665),
(658, 'อาท บ้านสมเด็จ', '', '', 'สงกรานต์', 'โพธิ์อ้น', '', '', '', '', '405-486929-8', 'ธนาคารไทยพาณิชย์ ', 666),
(659, 'pradit zhungprom', '', '', 'นายประดิษฐ์', 'ซึ่งพรม', '', '', 'อุบลราชธานี', '', '475-402306-9', 'ธนาคารกรุงเทพ', 667),
(660, 'คน รักษ์พระ', '', '', 'นายเอื้อน', 'พูนเมือง', '', '', 'อยุธยา', '', '411 2 337 49 0', 'ธนาคารทหารไทย', 668),
(661, 'Jojoe mwa', '', '', 'พชรพล', 'หล้าจันทะ', '', '', 'สกลนคร', '', '80060040', 'ธนาคารกรุงไทย', 669),
(662, 'Chainchado', '', '', 'Rachain', 'Chamchaun', '', '', 'กาญจนบุรี', '', '9500025433', 'ธนาคารกรุงเทพ', 670),
(663, 'รภนั่งเกล้า', '', '', 'นาย ปรารภ', 'จันทร์กลั่น', '', '', 'นนทบุรี', '', '323-230646-6', 'ธนาคารไทยพาณิชย์ ', 671),
(664, 'เนาว์ ย่านยาว', '', '', 'ณรงค์', 'จันทร์อ่วม', '', '', 'สุพรรณบุรี', '', '7111250737', 'ธนาคารกรุงไทย', 672),
(665, 'ม๋อนุ๋งนิ๋ง ณ.บ้านสี่ขา', '', '', 'ประภาพรรณ', 'พุ่มจิต', '', '', 'สุพรรณบุรี', '', '2012669871', 'ธนาคารกสิกรไทย', 673),
(666, 'Kiatti inlee', '', '', 'เกียรติคุณ', 'อินทร์ลี', '', '', 'อุบลราชธานี', '', '333-4-16774-3', 'ธนาคารกรุงเทพ', 674),
(667, 'Chawala yuktawet', '', '', 'ชวาลา', 'ยุกตเวทย์', '', '', 'สุพรรณบุรี', '', '6832304333', 'ธนาคารไทยพาณิชย์ ', 675),
(668, 'sirichai supa', '', '', 'ศิริชัย', 'ศุภเกียรติเดโช', '', '', 'สุพรรณบุรี', '', '7070151209', 'ธนาคารกรุงไทย', 676),
(669, 'Prajuk sodkumkam', '', '', 'ประจักษ์', 'สดคมขำ', '', '', 'สุพรรณบุรี', '', '7992915214', 'ธนาคารกสิกรไทย', 677),
(670, 'Nat Lim', '', '', 'นัทธ์', 'ลิ่มศิลา', '', '', '', '', '697-2-08980-8', 'ธนาคารกสิกรไทย', 678),
(671, 'Sarayuth Phumala', '', '', 'สรายุทธ', 'ภู่มาลา', '', '', 'นนทบุรี', '', '572-2-12175-0', 'ธนาคารกสิกรไทย', 679),
(672, 'บิ๊ก สุพรรณ', '', '', 'อนุวัฒน์', 'เกิดเอี่ยม', '', '', 'สุพรรณบุรี', '', '4051397810', 'ธนาคารไทยพาณิชย์ ', 680),
(673, 'sit somprasomg', '', '', 'ประสิทธิ์์', 'สมประสงค์', '', '', 'สุพรรณบุรี', '', '3192255138', 'ธนาคารกสิกรไทย', 681),
(674, 'Benz Nopphasit', '', '', 'นพสิทธิ์', 'รุ่งนิธิพรพงษ์', '', '', 'สุพรรณบุรี', '', '726-2-69040-1', 'ธนาคารกสิกรไทย', 682),
(675, 'สท.หมู บางลื่', '', '', 'นายยอดชาย', 'พงษ์พันธุ์จันทรา', '', '', 'สุพรรณบุรี', '', '730-0-11651-5', 'ธนาคารกรุงไทย', 683),
(676, 'Wat Suphan', '', '', 'นาย สุวัฒน์', 'อุ่นเรือน', '', '', 'สุุพรรณบุรี', '', '180088080', 'ธนาคารกรุงเทพ', 684),
(677, 'สุพรรณ การะเวกโสม', '', '', 'สุพรรณ', 'การะเวกโสม', '', '', 'สุพรรณบุรี', '', '7100108373', 'ธนาคารกรุงไทย', 685),
(678, 'อนุสรณ์  สมบูรณ์ดี', '', '', 'อนุสรณ์', 'สมบูรณ์ดี', '', '', 'กาญจนบุรี', '', '2552573040', 'ธนาคารกสิกรไทย', 686),
(679, 'dang obob', '', '', 'ทวี', 'ทับทิมศรี', '', '', 'สมุทรปราการ', '', '361-269400-7', 'ธนาคารไทยพาณิชย์ ', 687),
(680, 'sirichai panmane', '', '', 'นาย ศิริชัย', 'ปานมณี', '', '', 'สุพรรณบุรี', '', '2882375768', 'ธนาคารกสิกรไทย', 688),
(681, 'parinya boontom', '', '', 'นายปรินทร์ยา', 'บุญตอม', '', '', 'หนองคาย', '', '1842769546', 'ธนาคารกสิกรไทย', 689),
(682, 'Piyapong suesakulsak', '', '', 'ปิยะพงษ์', 'ซื้อสกุลศักดิ์', '', '', 'กรุงเทพฯ', '', '1634818130', 'ธนาคารกรุงเทพ', 690),
(683, 'soawanee padoang', '', '', 'เสาวณี', 'พาด้วง', '', '', 'นนทบุรี', '', '382-2-28924-9', 'ธนาคารกสิกรไทย', 691),
(684, 'สุพรรณ ซื่อตรง', '', '', 'ชโลธร', 'พลายละหาร', '', '', 'สุพรรณบุรี', '', '5912512606', 'ธนาคารไทยพาณิชย์ ', 692),
(685, 'พีระพงศ์ สุทธิกฤติยาพร', '', '', 'พีระพงศ์', 'สุทธิกฤติยาพร', '', '', 'กรุงเทพฯ', '', '2032118847', 'ธนาคารไทยพาณิชย์ ', 693),
(686, 'Mai jaturong', '', '', 'นายจตุรงค์', 'สุวรรณโรจน์', '', '', 'กรุงเทพ', '', '1190914901', 'ธนาคารกรุงเทพ', 694),
(687, 'NARIS REANGRAD', '', '', 'นริศ', 'เร่งรัด', '', '', 'กรุงเทพ', '', '175-1-03828-9', 'ธนาคารกรุงไทย', 695),
(688, 'Pop kub', '', '', 'สหพัฒน์', 'ปุญญะสิทธิ์', '', '', 'สุพรรณบุรี', '', '2212047443', 'ธนาคารกสิกรไทย', 696),
(689, 'ชาติ ศรัทธาพระเครื่อง', '', '', 'อภิชาติ', 'โตประสิทธิ์', '', '', 'กรุงเทพ', '', '405-0751401', 'ธนาคารไทยพาณิชย์ ', 697),
(690, 'Khanidtha Jaikla', '', '', 'ขนิษฐา', 'ใจกล้า', '', '', 'ปทุมธานี', '', '4020337902', 'ธนาคารไทยพาณิชย์ ', 698),
(691, 'Anan Thummachoto', '', '', 'อนันต์', 'ธรรมโชโต', '', '', 'สุพรรณบุรี', '', '359-0-13624-3', 'ธนาคารกรุงไทย', 699),
(692, 'รุส ลายไทย', '', '', 'นิรุส', 'สำลีอ่อน', '', '', 'กาญจนบุรี', '', '264-2-40130-3', 'ธนาคารกสิกรไทย', 700),
(693, 'Surasak Jaengjaidee', '', '', 'นายสุรศักดิ์', 'แจ้งใจดี', '', '', 'ปทุมธานี', '', '569-2-16998-2', 'ธนาคารกสิกรไทย', 701),
(694, 'ป๊อปปี้ โอริโอ้', '', '', 'จิรพันธุ์', 'เตียมตา', '', '', 'สิงห์บุรี', '', '20123620120', 'ธนาคารออมสิน', 702),
(695, 'Yuthana Uncharisungkat', '', '', 'นายยุทธนา', 'อัญชริสังกาศ', '', '', 'กรุงเทพมหานคร', '', '078-2-60611-7', 'ธนาคารกสิกรไทย', 703),
(696, 'สมชาย รุ่งเรือง', '', '', 'สมชาย', 'รุ่งเรือง', '', '', 'พระนครศรีอยุธยา', '', '128-0-20765-5', 'ธนาคารกรุงไทย', 704),
(697, 'ธวัชชัย เชื้อวงษ์ดี', '', '', 'ธวัชชัย', 'เชื้อวงษ์ดี', '', '', 'สุพรรณบุรี', '', '513-0-23409-8', 'ธนาคารกรุงเทพ', 705),
(698, 'phetuthai khachon', '', '', 'เพชร์อุทัย', 'ขจร', '', '', 'นนทบุรี', '', '940347826', 'ธนาคารกรุงเทพ', 706),
(699, 'Amonthep Phunmeekit', '', '', 'อมรเทพ', 'ปุ่นมีกิจ', '', '', 'สมุทรปราการ', '', '1752233557', 'ธนาคารไทยพาณิชย์ ', 707),
(700, 'Jakrawut Sirisuptawee', '', '', 'นาย จักราวุฒิ', 'สิริทรัพย์ทวี', '', '', 'สุพรรณบุรี', '', '307-4-07015-6', 'ธนาคารกรุงเทพ', 708),
(701, 'ประกิจ ชื่นเกษร', '', '', 'ประกิจ', 'ชื่นเกษร', '', '', 'นนทบุรี', '', '522757403', 'ธนาคารกสิกรไทย', 709),
(702, 'พ่อทีปแม่แป้งน้องข้าวกล้อง', '', '', 'ประทีป', 'ทองดอนน้อย', '', '', 'พิจิตร', '', '498~2~40075~4', 'ธนาคารกสิกรไทย', 710),
(703, 'Yowa  Bird', '', '', 'เอกชัย', 'แก้ววิชิต', '', '', 'สุพรรนบุรี', '', '404-845524-7', 'ธนาคารไทยพาณิชย์ ', 711),
(704, 'Head Ekkalak', '', '', 'เอกลักษณ์', 'บำรุงสวัสดิ์', '', '', 'มุกดาหาร', '', '7632101133', 'ธนาคารกสิกรไทย', 712),
(705, 'เบิ่ง ไก่เตี้ย', '', '', 'ปิยชนน์', 'ศรีวิเชียร', '', '', 'สุพรรณบุรี', '', '2012574811', 'ธนาคารกสิกรไทย', 713),
(706, 'Attnawi Hemsi', '', '', 'อัฐวีร์', 'เหมษี', '', '', 'กรุงเทพ_กาญจนบุรี', '', '004-2-46684-0', 'ธนาคารกสิกรไทย', 714),
(707, 'tanes udom', '', '', 'ธเนศ', 'อุดมเลิศปิติ', '', '', 'กทม.', '', '002 2 695959', 'ธนาคารกสิกรไทย', 715),
(708, 'คมชนะ พลิ้วไหวในสายลม', '', '', 'คมนะ', 'ผดุงเลิศ', '', '', 'นนทบุรี', '', '530257252', 'ธนาคารกรุงเทพ', 716),
(709, 'อธิวัฒน์ ดอกไม้', '', '', 'อธิวัฒน์', 'ดอกไม้', '', '', 'สุพรรณบุรี', '', '7100009499', 'ธนาคารกรุงไทย', 717),
(710, 'Bhisis Hassakulpaisal', '', '', 'พิสิษฐ์', 'หัสกุลไพศาล', '', '', 'สุพรรณบุรี', '', '592799848', 'ธนาคารไทยพาณิชย์ ', 718),
(711, 'Manus Popun', '', '', 'มนัส', 'โพธิ์พันธ์', '', '', 'นนทบุรี', '', '193-0-95610-5', 'ธนาคารกรุงเทพ', 719),
(712, 'ฌาน ฌานกร', '', '', 'ฌานกร', 'เมาเสม', '', '', 'บุรีรัมย์', '', '7972231082', 'ธนาคารกสิกรไทย', 720),
(713, 'Pichet', '', '', 'พิเชษฐ์', 'ฤทธิ์ศิริ', '', '', 'กาญจนบุรี', '', '713-1-91269-7', 'ธนาคารกรุงไทย', 721),
(714, 'นายพนม ก๊กอึ้ง', '', '', 'นายพนม', 'ก๊กอึ้ง', '', '', 'ปทุมธานี', '', '1390049574', 'ธนาคารกรุงไทย', 722),
(715, 'Wanjai Craiganna', '', '', 'ปัทมพร', 'ยังมี', '', '', 'กรุงเทพ', '', '3870051051', 'ธนาคารกรุงไทย', 723),
(716, 'Sarayuth Sutas', '', '', 'ศรายุทธ', 'สุทัศน์ ณ อยุทธยา', '', '', 'ปทุมธานี', '', '3142995339', 'ธนาคารไทยพาณิชย์ ', 724),
(717, 'ไม้งาม และไตรลักษณ์', '', '', 'ธนัช', 'อริยภิญโญ', '', '', 'กรุงเทพ', '', '325-2-51109-0', 'ธนาคารกสิกรไทย', 725),
(718, 'Non Zaza', '', '', 'สรุท', 'สาระสันต์', '', '', 'สุพรรณบุรี', '', '1601250384', 'ธนาคารกรุงศรีอยุธยา', 726),
(719, 'Eaksak Gawprssert', '', '', 'เอกศักดิ์', 'แก้วประเสริฐ', '', '', 'สุพรรณบุรี', '', '034-002-894-3', 'ธนาคารกรุงเทพ', 727),
(720, 'ฐิติสิทธ ศิลป์ชัยพร', '', '', 'ฐิติสิทธ', 'ศิลป์ชัยพร', '', '', 'สุพรรณบุรี', '', '712-2-20005-9', 'ธนาคารไทยพาณิชย์ ', 728),
(721, 'ณรงฤทธิ์ อินทร์สุข', '', '', 'ณรงฤทธิ์', 'อินทร์สุข', '', '', 'สุพรรณบุรี', '', '469-0-57115-5', 'ธนาคารกรุงเทพ', 729),
(722, 'narinthorn karnwattanee', '', '', 'ณรินธรณ์', 'การวัฒนี', '', '', 'นนทบุรี', '', '20066686518', 'ธนาคารออมสิน', 730),
(723, 'Pichit Seenual', '', '', 'พิชิต', 'สีนวล', '', '', ' สุพรรณบุรี', '', '2512106135', 'ธนาคารทหารไทย', 731),
(724, 'Bankkok Bank', '', '', 'อัศนัย', 'เจิมเเก้ว', '', '', 'สมุทรปราการ', '', '410096660', 'ธนาคารกรุงไทย', 732),
(725, 'มนตรี ปรึกษา', '', '', 'มนตรี', 'ปรึกษา', '', '', 'สุพรรณบุรี', '', '683-236447-2', 'ธนาคารไทยพาณิชย์ ', 733),
(726, 'Atiwat Nisapa', '', '', 'อธิวัฒน์', 'นิสสภา', '', '', 'กรุงเทพ', '', '2082148680', 'ธนาคารไทยพาณิชย์ ', 734),
(727, 'sittanon klaharn', '', '', 'สิทธานนท์', 'กล้าหาญ', '', '', 'สุพรรณบุรี', '', '402-236942-6', 'ธนาคารไทยพาณิชย์ ', 735),
(728, 'หลอลี่ ดอนเจดีย์', '', '', 'สุวนัย', 'เมืองรวมญาติ', '', '', 'สุพรรณบุรี', '', '591-251918-7', 'ธนาคารไทยพาณิชย์ ', 736),
(729, 'Mc Gazort', '', '', 'ชัยณรงค์', 'ไกรทอง', '', '', 'กรุงเทพ-กาญจนบุรี', '', '442499129', 'ธนาคารกสิกรไทย', 737),
(730, 'Kriengake korkiet', '', '', 'เกรียงเอก', 'ก่อเกียรติตระกูล', '', '', 'สุพรรณ', '', '7122145063', 'ธนาคารไทยพาณิชย์ ', 738),
(731, 'มิ้นทร์ ศรีประจันต์', '', '', 'อรรถพงษ์', 'มาลีเลิศ', '', '', 'สุพรรณบุรี', '', '9442139532', 'ธนาคารไทยพาณิชย์ ', 739),
(732, 'หนุ่มน้อย', '', '', 'กิตติพงษ์', 'แสงสุข', '', '', 'กรุงเทพ', '', '788-2-19512-5', 'ธนาคารกสิกรไทย', 740),
(733, 'suppachok somchon', '', '', 'ศุพโชค', 'ส้มฉุน', '', '', 'สุพรรณบุรี', '', '6832195815', 'ธนาคารไทยพาณิชย์ ', 741),
(734, 'โลก ส่วน ตัว', '', '', 'สมโภช', 'คณะโต', '', '', 'ราชบุรี', '', '530-0-44402-2', 'ธนาคารกรุงเทพ', 742),
(735, 'warravut supanpit', '', '', 'วรวุฒิ', 'สุพรรณพิศ', '', '', 'ฉะเชิงเทรา', '', '5702054747', 'ธนาคารกสิกรไทย', 743),
(736, 'Baramee Wadtham', '', '', 'พงษ์ระวี', 'หล้าสี', '', '', 'สกลนคร', '', '4590372894', 'ธนาคารกรุงไทย', 744),
(737, 'Tae Boonsom Jr.', '', '', 'สรวิชญ์', 'บุญสม', '', '', 'ราชบุรี', '', '3392700138', 'ธนาคารทหารไทย', 745),
(738, 'tom udomsuk', '', '', 'กิตติพิชญ์', 'รักษาทรัพย์', '', '', 'กรุงเทพ', '', '1764265326', 'ธนาคารกรุงเทพ', 746),
(739, 'Naphatwaran ka', '', '', 'นภทร์วลัญช์', 'รักพวงทอง', '', '', 'สุพรรณบุรี', '', '4104944795', 'ธนาคารไทยพาณิชย์ ', 747),
(740, 'ภคนันท์  บารมีหลวงปู่บัว', '', '', 'ภคนันท์', 'หาญชาญเลิศ', '', '', 'กรุงเทพ', '', '748 2 36295 2', 'ธนาคารกสิกรไทย', 748),
(741, 'บอย อติพล', '', '', 'อติพล', 'บุญพงค์', '', '', 'อุบลราชธานี', '', '52850150', 'ธนาคารกสิกรไทย', 749),
(742, 'sumran nokvisett', '', '', 'สำราญ', 'กลับกล่อม', '', '', 'อ่างทอง', '', '368-0-373945', 'ธนาคารกรุงเทพ', 750),
(743, 'สังวาลนาค บัวนาค', '', '', 'สังวาลนาค', 'บัวนาค', '', '', 'ราชบุรี', '', '1442541465', 'ธนาคารกสิกรไทย', 751),
(744, 'ต้น เรวดี', '', '', 'ชานนท์', 'ณรงค์ฤทธิ์เดโช', '', '', 'นนทบุรี', '', '3822275449', 'ธนาคารไทยพาณิชย์ ', 752),
(745, 'Praphatpong Prateep Na Thalang', '', '', 'ประพัฒน์พงศ์', 'ประทีป ณ ถลาง', '', '', 'กรุงเทพ', '', '7202976928', 'ธนาคารกสิกรไทย', 753),
(746, 'Amorn kasa', '', '', 'อมร', 'กาสา', '', '', 'นครสวรรค์', '', '3602117578', 'ธนาคารไทยพาณิชย์ ', 754),
(747, 'พ่อกิจน้องวิวพี่ที', '', '', 'ปริญญา', 'ฉิมเจริญ', '', '', 'กรุงเทพ', '', '3111420502', 'ธนาคารกรุงศรีอยุธยา', 755),
(748, 'สุรศักดิ์ กองดี', '', '', 'สุรศักดิ์', 'กองดี', '', '', 'พิษณุโลก', '', '734950066', 'ธนาคารกรุงเทพ', 756),
(749, 'kusumar.muanchamlong', '', '', 'กุสุมา', 'เหมือนจำลอง', '', '', 'กรุงเทพมหานคร', '', '050-033237-4', 'ธนาคารกรุงเทพ', 757),
(750, 'สันติภาพ สีเนหะ', '', '', 'สันติภาพ', 'สีเนหะ', '', '', 'สมุทรปราการ', '', '4650640966', 'ธนาคารกรุงเทพ', 758),
(751, 'Nong Ninenong', '', '', 'อธิคุณ', 'ดวงกมล', '', '', 'พระนครศรีอยุธยา', '', '2650200901', 'ธนาคารกรุงไทย', 759),
(752, 'Dekdee Amulet', '', '', 'สุรินทร์', 'ไทรสังขเฉลาพร', '', '', 'กาญจนบุรี', '', '7800104826', 'ธนาคารกรุงไทย', 760),
(753, 'NatchanonCgame jeangsawang', '', '', 'ณัฐชนน', 'แจ้งสว่าง', '', '', 'สุพรรณบุรี', '', '5912358882', 'ธนาคารไทยพาณิชย์ ', 761),
(754, 'Nattapol pankerd', '', '', 'ณัฐพล', 'พันธ์ุเกิด', '', '', 'กรุงเทพฯ', '', '4930268893', 'ธนาคารกรุงไทย', 762),
(755, 'sadtha dewa', '', '', 'ณภัทร', 'เป็นเจนจบ', '', '', 'สุพรรณบุรี', '', '6550135096 พนม เป็นเ', 'ธนาคารกรุงเทพ', 763),
(756, 'ใหม่ ศิษย์สุพรรณ', '', '', 'พิเชฐ', 'เสือสกุล', '', '', 'สุพรรณบุรี', '', '7110349268', 'ธนาคารกรุงไทย', 764),
(757, 'Benz Thanapon', '', '', 'ธนพล', 'พิทยาวรกุล', '', '', 'กรุงเทพ', '', '182-0-12434-7', 'ธนาคารกรุงไทย', 765),
(758, 'เอกนรินทร์ อ่วมอ่ำ', '', '', 'เอกนรินทร์', 'อ่วมอ่ำ', '', '', 'อุตรดิตถ์', '', '4034808466', 'ธนาคารไทยพาณิชย์ ', 766),
(759, 'Kornkawat Srisuk', '', '', 'กรกวรรษ', 'ศรีสุข', '', '', 'สุพรรณบุรี', '', '950194498', 'ธนาคารกรุงเทพ', 767),
(760, 'Bluewing Takraw', '', '', 'สมาส', 'สมผุย', '', '', 'ชลบุรี', '', '218-1-84956-0', 'ธนาคารกรุงไทย', 768),
(761, 'Kornkawat Srisuk', '', '', 'กรกวรรษ', 'ศรีสุข', '', '', 'สุพรรณบุรี', '', '950194498', 'ธนาคารกรุงเทพ', 769),
(762, 'นักรบ เอาแต่ใจ', '', '', 'อนนท์', 'เพิ่มพูล', '', '', 'สุพรรณบุรี', '', '7470159363', 'ธนาคารกรุงไทย', 770),
(763, 'Ratchakit Thanyacharatporn', '', '', 'รัชกฤช', 'ธัญจรัสพร', '', '', 'สุพรรณบุรี', '', '05139052517-1', 'ธนาคารออมสิน', 771),
(764, 'นัยโก้ ครับ', '', '', 'ภูทัย', 'เทพสุนทร', '', '', 'บุรีรัมย์', '', '5131327109', 'ธนาคารกรุงศรีอยุธยา', 772),
(765, 'Tar ZaZa', '', '', 'จิรวัฒน์', 'เพชรปานกัน', '', '', 'สุพรรณบุรี', '', '710-0-33574-4', 'ธนาคารกรุงไทย', 773),
(766, 'อาชีวะ บางปู', '', '', 'เกรียงศักดิ์', 'จันทรอยู่', '', '', 'สมุทรปราการ', '', '8510303622', 'ธนาคารกรุงไทย', 774),
(767, 'Pee. Juk', '', '', 'ธนกิจ', 'สุขเหมือน', '', '', 'กทม', '', '2450599259', 'ธนาคารกรุงเทพ', 775),
(768, 'Tanachart klinyou', '', '', 'ธนะชาติ', 'กลิ่นอยู่', '', '', 'สมุทรปราการ', '', '2582073636', 'ธนาคารไทยพาณิชย์ ', 776),
(769, 'ตูน ศรีประจันต์', '', '', 'ศักดิ์ชัย', 'ราชสีห์', '', '', '', '', '4034807355', 'ธนาคารไทยพาณิชย์ ', 777),
(770, 'คนไฟฟ้า เนินสง่า', '', '', 'นาย ธนิท', 'ช่วยกลาง', '', '', 'ชัยภูมิ', '', '048-2-04824-4', 'ธนาคารกรุงศรีอยุธยา', 778),
(771, 'sundew chai tiem', '', '', 'วีรศิลป์', 'โนนศรี', '', '', 'ขอนแก่น', '', '586-2-30816-8', 'ธนาคารกสิกรไทย', 779),
(772, 'ไก่นา พรนารายณ์', '', '', 'ปรีชา', 'จินดาทอง', '', '', 'อุดรธานี', '', '727-0-27437-1', 'ธนาคารกรุงไทย', 780),
(773, 'ศิราวุธ คำเชื้อ', '', '', 'ศิราวุธ', 'คำเชื้อ', '', '', 'ตาก', '', '5212362060', 'ธนาคารกสิกรไทย', 781),
(774, 'ธเนศ สุขประเสริฐ ช.ธนกฤตฟาร์ม', '', '', 'ธเนศ', 'สุขประเสริฐ', '', '', 'สุพรรณบุรี', '', '7100207193', 'ธนาคารกรุงไทย', 782),
(775, 'Ying Kook', '', '', 'พสชนัน', 'ชมภูศรี', '', '', 'สุพรรณบุรี', '', '8702117500', 'ธนาคารกสิกรไทย', 783),
(776, 'Boon  Thiang', '', '', 'เที่ยง', 'พฤษโชติ', '', '', 'อยุธยา', '', '1752505256', 'ธนาคารกสิกรไทย', 784),
(777, 'kaikong nkc naja', '', '', 'เกรียงไกร', 'พละวุฒิโท', '', '', 'กำแพงเพชร', '', '20075968295', 'ธนาคารออมสิน', 785),
(778, 'Jo Piya', '', '', 'นายปิยะ', 'เสืออยู่', '', '', 'สุพรรณบุรี', '', '402-900377-0', 'ธนาคารไทยพาณิชย์ ', 786),
(779, 'June Saro', '', '', 'นิคม', 'ช้างเผือก', '', '', 'สุพรรณบุรี', '', '3590031425', 'ธนาคารกรุงไทย', 787),
(780, 'วิรัช  เหมไหรณย์', '', '', 'วิรัช', 'เหมไหรณย์', '', '', 'สมุทรปราการ', '', '068-2-999713', 'ธนาคารกสิกรไทย', 788),
(781, 'Chai haha', '', '', 'นิติชัย', 'อินทร์ทองน้อย', '', '', '', '', '092-246455-0', 'ธนาคารไทยพาณิชย์ ', 789),
(782, 'somchat Ssomchat', '', '', 'สมชาติ', 'ศิริโรจน์มหาวงษ์', '', '', 'สุพรรณบุรี', '', '7111245776', 'ธนาคารกรุงไทย', 790),
(783, 'Noo''tei wingwing', '', '', 'สุรีรัตน์', 'ทรามเมืองปัก', '', '', 'กาญจนบุรี', '', '3192264463', 'ธนาคารกสิกรไทย', 791),
(784, 'มีใครเคยเข้าจัย ความรู้สึกบ้างมะ', '', '', 'น.ส.วิภารัตน์', 'คำปลื้ม', '', '', 'นนทบุรี', '', '924-008005-2', 'ธนาคารกรุงเทพ', 792),
(785, 'wichaiyut  kof', '', '', 'วิชัยยุทธ', 'เงินพวง', '', '', 'สุพรรณบุรี', '', '2012519403', 'ธนาคารกสิกรไทย', 793),
(786, 'Sittikorn Srisamphan', '', '', 'สิทธิกร', 'ศรีสัมพันธ์', '', '', 'สุพรรณบุรี', '', '260870209', 'ธนาคารกรุงเทพ', 794),
(787, 'Sitthichai Kim', '', '', 'นาย สิทธิชัย', 'แซ่เฮ้ง', '', '', 'กรุงเทพฯ', '', '482221299', 'ธนาคารกสิกรไทย', 795),
(788, 'นุ วันชัย', '', '', 'นายวันชัย', 'ประทุมชาติ', '', '', 'ร้อยเอ็ด', '', '3882555762', 'ธนาคารกสิกรไทย', 796),
(789, 'นายแว่น  สีหมอก', '', '', 'วัชรศักดิ์', 'สายทอง', '', '', 'ลพบุรี', '', '134-595556-9', 'ธนาคารกรุงเทพ', 797),
(790, 'Nop Novas', '', '', 'นพดล', 'เบี้ยทอง', '', '', 'ปทุมธานี', '', '4162372772', 'ธนาคารกสิกรไทย', 798),
(791, 'Jack Watsri', '', '', 'สายชล', 'แสงสุะอาด', '', '', '', '', '331-2-61259-2', 'ธนาคารกสิกรไทย', 799),
(792, 'ตั้ม เด็กวัด', '', '', 'สุขสันต์', 'พิทักษา', '', '', 'กรุงเทพฯ', '', '799-2-92993-0', 'ธนาคารกสิกรไทย', 800),
(793, 'Boy Td', '', '', 'นาวิน', 'ทองดี', '', '', 'สุพรรณบุรี', '', '201-2-66011-4', 'ธนาคารกสิกรไทย', 801),
(794, 'M.k. avisu', '', '', 'มงคล', 'อะวิสุ', '', '', 'นนทบุรี', '', '8560167749', 'ธนาคารกรุงไทย', 802),
(795, 'Paat Thanapatsawee', '', '', 'ภัฏ', 'ธนาพัสวี', '', '', 'นครสวรรค์', '', '2502068750', 'ธนาคารไทยพาณิชย์ ', 803),
(796, 'พนม ฮะยู้', '', '', 'พนม', 'ฮะยู้', '', '', 'ชลบุรี', '', '982-0-10227-6', 'ธนาคารกรุงเทพ', 804),
(797, 'สราวุธ แท่นทอง', '', '', 'สราวุธ', 'แท่นทอง', '', '', 'สระบุรี', '', '139~2~81542~9', 'ธนาคารกสิกรไทย', 805),
(798, 'อภิเชษฐ์ จำเนียรสุข', '', '', 'นายอภิเชษฐ์', 'จำเนียรสุข', '', '', 'สุพรรณบุรี', '', '2470747938', 'ธนาคารกรุงเทพ', 806),
(799, 'Apirak Haosutree', '', '', 'อภิรักษ์', 'เฮ้าสุธี', '', '', 'กรุงเทพ', '', '330718552', 'ธนาคารกรุงเทพ', 807),
(800, 'สมนึก วังอมรมิตร', '', '', 'นายสมนึก', 'วังอมรมิตร', '', '', 'กรุงเทพ', '', '262481783', 'ธนาคารไทยพาณิชย์ ', 808),
(801, 'veva la veda', '', '', 'Mr. patiwat', 'boonma', '', '', 'ลพบุรี', '', '812379417', 'ธนาคารไทยพาณิชย์ ', 809),
(802, 'Noo keazee', '', '', 'มงคลรัตน์', 'ขวัญมี', '', '', 'ลำปาง', '', '6580094305', 'ธนาคารกรุงเทพ', 810),
(803, 'mon Bangkaew', '', '', 'สุมล', 'แก้วสุวรรณ', '', '', 'กรุงเทพฯ', '', '1201140451', 'ธนาคารกรุงศรีอยุธยา', 811),
(804, 'Anusorn Amoolrach', '', '', 'อนุสรณ์', 'อมูลราช', '', '', 'ชัยภูมิ', '', '7002131590', 'ธนาคารไทยพาณิชย์ ', 812),
(805, 'กศน.ตำบลบ้านโข้ง อำเภออู่ทอง', '', '', 'นายสุจิน', 'อินทนะ', '', '', 'สุพรรณบุรี', '', '7110199177', 'ธนาคารกรุงไทย', 813),
(806, 'Taweesak  Kludaim', '', '', 'ทวีศักดิ์', 'กลัดอิ่ม', '', '', 'ชัยนาท', '', '111-0-01553-4', 'ธนาคารกรุงไทย', 814),
(807, 'ปีเก้  ปีเก้', '', '', 'ยุทธนา', 'รุมเเสง', '', '', 'นนทบุรี', '', '334-235552-5', 'ธนาคารไทยพาณิชย์ ', 815),
(808, 'ไก่ กล้วยหิน', '', '', 'นคร', 'วรรณอินทร์', '', '', 'กรุงเทพ', '', '1072111744', 'ธนาคารไทยพาณิชย์ ', 816),
(809, 'คริสตัลทีน แอมอล', '', '', 'นายกสิวัฒน์', 'มณีพงศ์', '', '', 'สุพรรณบุรี', '', '404-964785-5', 'ธนาคารไทยพาณิชย์ ', 817),
(810, ' Narin Bunpet', '', '', 'นรินทร์', 'บุญเพ็ชร', '', '', 'นราธิวาส', '', '2032097335', 'ธนาคารทหารไทย', 818),
(811, 'เพชรกลับ พรอนันต์ ทวีทรัพย์', '', '', 'นายอนันตชัย', 'ตากุล', '', '', 'กาญจนบุรี', '', '032-2-921519', 'ธนาคารกสิกรไทย', 819),
(812, 'Wuttinun Wonderkid', '', '', 'วุฒินันท์', 'ขวัญเจริญ', '', '', 'ปทุมธานี', '', '049 2481189', 'ธนาคารทหารไทย', 820),
(813, 'Jeta Muken', '', '', 'เจษฏา', 'ปานลอยวงศ์', '', '', 'นครราชสีมา', '', '2662675345', 'ธนาคารกสิกรไทย', 821),
(814, 'เอฟ อนุพงษ์', '', '', 'อนุพงษ์', 'ตาบสกุล', '', '', 'สุพรรณบุรี', '', '701-0833-370', 'ธนาคารกรุงไทย', 822),
(815, 'ลูกหยี ลูกหยี', '', '', 'วิจิตรา', 'สุขดี', '', '', 'สุพรรณบุรี', '', 'น.ส.วิจิตรา  สุขดี', 'ธนาคารกรุงไทย', 823),
(816, 'Thossaporn S.Alex', '', '', 'ทศพร', 'สัมพันธ์แพ', '', '', 'กรุงเทพ', '', '50420762317', 'ธนาคารออมสิน', 824),
(817, 'Aom Aqurius', '', '', 'เตือนตา', 'นาคสุขสนธิ์', '', '', 'กรุงเทพมหานคร', '', '342751482', 'ธนาคารกสิกรไทย', 825),
(818, 'ittipathomrot', '', '', 'อิทธิพัทธ์', 'หอมรส', '', '', 'กรุงเทพมหานคร', '', '089-2-95276-2', 'ธนาคารกสิกรไทย', 826),
(819, 'Natee  poteewat', '', '', 'นาย  นที', 'โพธีวัต', '', '', 'สุพรรณบุรี', '', '1982369742', 'ธนาคารกสิกรไทย', 827),
(820, 'Jucknarai  sreesuksai', '', '', 'จักรณารายณ์', 'ศรีสุกใส', '', '', 'สุพรรณบุรี', '', '270264336', 'ธนาคารกรุงเทพ', 828),
(821, 'Ted mansome', '', '', 'ภควัต', 'สมสุข', '', '', 'สมุทรปราการ', '', '239-2-13942-0', 'ธนาคารทหารไทย', 829),
(822, 'komsorn phookhang', '', '', 'คมศร', 'ภูฆัง', '', '', 'สุพรรณบุรี', '', '6070152174', 'ธนาคารกรุงไทย', 830),
(823, 'ชัย บุญยปรารภชัย', '', '', 'ชัย', 'บุญยปรารภชัย', '', '', 'นครปฐม', '', '457-2-22400-6', 'ธนาคารทหารไทย', 831),
(824, 'porjaiku reader', '', '', 'ภูศิษฐ์', 'เจริญทรัพย์', '', '', 'สมุทรปราการ', '', '9400367760', 'ธนาคารกรุงเทพ', 832),
(825, 'โอ๊ต เอาจริงๆ', '', '', 'อธิวัฒน์', 'คาระวะ', '', '', 'พระนครศรีอยุธยา', '', '008-006880-2', 'ธนาคารกรุงเทพ', 833),
(826, 'Direk Jannalao', '', '', 'ดิเรก', 'จันทร์นาลาว', '', '', 'สุพรรณบุรี', '', '6832155784', 'ธนาคารไทยพาณิชย์ ', 834),
(827, 'พระร่วง หลังลิ่ม', '', '', 'อลงกรณ์', 'เกื้อกูล', '', '', 'สุโขทัย', '', '089-245-6661', 'ธนาคารไทยพาณิชย์ ', 835),
(828, 'Wiroch Peng', '', '', 'วิโรจน์', 'วิวัฒนธีรกุล', '', '', 'กรุงเทพ', '', '21015046', 'ธนาคารกรุงเทพ', 836),
(829, 'น่าจืด หมดรส', '', '', 'อนุชิต', 'ขันทะควร', '', '', 'กรุงเทพ', '', '765-2-61717-9', 'ธนาคารกสิกรไทย', 837),
(830, 'วุฒิพงษ์  โมอุ่ม', '', '', 'นายวุฒิพงษ์', 'โมอุ่ม', '', '', 'สุพรรณบุรี', '', '9814578029', 'ธนาคารกรุงไทย', 838),
(831, 'Noppakhun Emptyroom', '', '', 'นพคุณ', 'ศิริล้น', '', '', 'ชลบุรี', '', '1722277978', 'ธนาคารกสิกรไทย', 839),
(832, 'rachel richy', '', '', 'อรุณรัตน์', 'แฟงเขียว', '', '', 'สุพรรณบุรี', '', '763-2-20240-1', 'ธนาคารกสิกรไทย', 840),
(833, 'Art JB', '', '', 'นาย จีระวุฒิ', 'บำรุงเขต', '', '', 'กาญจนบุรี', '', '728-0-34683-9', 'ธนาคารกรุงไทย', 841),
(834, 'รุ่งโรจน์ พระเครื่อง', '', '', 'รุ่งโรจน์', 'แผ่นทอง', '', '', 'พระนครศรีอยุธยา', '', '964-0-01342-0', 'ธนาคารกรุงไทย', 842);
INSERT INTO `tb_member` (`id`, `facebook_name`, `facebook_url`, `profile_picture`, `name`, `surname`, `gender`, `address`, `province_name`, `phone_number`, `bank_account_number`, `bank_name`, `nid`) VALUES
(835, 'วัชโรบล คำโฮง', '', '', 'นางสาววัชโรบล', 'คำโฮง', '', '', 'มหาสารคาม', '', '5622322848', 'ธนาคารกสิกรไทย', 843),
(836, 'เอก หัวเขาคลาสสิคไบค์ สุพรรณบุรี', '', '', 'นาย ศักรินทร์', 'ชุ่มชื่น', '', '', 'สุพรรณบุรี', '', '4180425623', 'ธนาคารกรุงเทพ', 844),
(837, 'ton-wisan ubolban', '', '', 'นายวิสรรค์', 'อุบลบาน', '', '', 'กรุงเทพ', '', '1017398619', 'ธนาคารกรุงเทพ', 845),
(838, 'sivayu indy', '', '', 'ศิวายุ', 'ศิริสาร', '', '', 'กาญจนบุรี', '', '7430223346', 'ธนาคารกรุงไทย', 846),
(839, 'eakchai wongmonmai', '', '', 'เอกชัย', 'วงษ์นามใหม่', '', '', 'สุพรรณบุรี', '', '7260044222', 'ธนาคารกรุงเทพ', 847),
(840, 'Pisit rakruam', '', '', 'พิสิฐ', 'รักร่วม', '', '', 'ปทุมธานี', '', '1982074684', 'ธนาคารไทยพาณิชย์ ', 848),
(841, 'TK Gunner', '', '', 'พัฒน์ศักดิ์', 'ทรัพย์ประเสริฐ', '', '', 'เลย', '', '173454995', 'ธนาคารกรุงเทพ', 849),
(842, 'องค์ชาย เจ็ด', '', '', 'สมยศ', 'แข็งแรง', '', '', 'กรุงเทพ', '', '6052024747', 'ธนาคารกสิกรไทย', 850),
(843, 'กฤษดา ศิษย์หลวงปู่นาม', '', '', 'กฤษดา', 'สาธุพันธ์', '', '', 'กทม', '', '602833346', 'ธนาคารไทยพาณิชย์ ', 851),
(844, 'กัน อยุธยา', '', '', 'กัญญาณัฐ', 'เเจ่มจรูญ', '', '', 'พระนครศรีอยุธยา', '', '1500348082', 'ธนาคารกรุงไทย', 852),
(845, 'goodbird', '', '', 'สุรินทร์', 'ดีนก', '', '', 'กรุงเทพฯ', '', '187 068111 9', 'ธนาคารกรุงเทพ', 853),
(846, 'อารมณ์ หอมละออ', '', '', 'นาย อารมณ์', 'หอมละออ', '', '', 'อ่างทอง', '', '632479099', 'ธนาคารไทยพาณิชย์ ', 854),
(847, 'นายรุ่งศักดิ์ ทิมใจทัศน์', '', '', 'นายรุ่งศักดิ์', 'ทิมใจทัศน์', '', '', 'สุพรรณบุรี', '', '9442121775', 'ธนาคารไทยพาณิชย์ ', 855),
(848, 'บูรณ์ เดิมบาง', '', '', 'สมบูรณ์', 'เข็มทอง', '', '', 'สุพรรณบุรี', '', '9819505038', 'ธนาคารกรุงไทย', 856),
(849, 'Anusorn Nu Chatchokechai', '', '', 'อนุสรณ์', 'ฉัตรโชคชัย', '', '', 'สุพรรณบุรี', '', '575-2-06404-2', 'ธนาคารกสิกรไทย', 857),
(850, 'Ghamnong Phimpakhun', '', '', 'จำนงค์', 'พิมพขันธ์', '', '', 'สุพรรณบุรี', '', '725-1-08790-1', 'ธนาคารกรุงไทย', 858),
(851, 'Bee Bee', '', '', 'ถวัลย์', 'บุญมาวัตร', '', '', 'อยุธยา', '', '240-1-32187-7', 'ธนาคารกรุงศรีอยุธยา', 859),
(852, 'KIM WATCHARIN', '', '', 'วัชรินทร์', 'การกิ่งไพร', '', '', 'เพชรบูรณ์', '', '812993453', 'ธนาคารกสิกรไทย', 860),
(853, 'Bank SiAmz', '', '', 'อนิวัฒน์', 'จันทร์ทองแดง', '', '', 'ภูเก็ต', '', '4822357291', 'ธนาคารกสิกรไทย', 861),
(854, 'Aon long live king', '', '', 'ประสิทธิ์', 'สาเขตรการณ์', '', '', 'นครสวรรค์', '', '9824653139', 'ธนาคารกรุงไทย', 862),
(855, 'Sakkanun Mongkolchairoj', '', '', 'ศักรนันทน์', 'มงคลชัยโรจน์', '', '', 'กรุงเทพ', '', '122568121', 'ธนาคารกสิกรไทย', 863),
(856, 'อภิวัฒน์  เจินกระโทก', '', '', 'อภิวัฒน์', 'เจินกระโทก', '', '', 'นครราชสีมา', '', '296-2-40117-6', 'ธนาคารกสิกรไทย', 864),
(857, 'Manoch Vijittnuntagun', '', '', 'มาโนช', 'วิจิตตนันทากุล', '', '', 'พิจิตร', '', '636 1 19240 7', 'ธนาคารกรุงไทย', 865),
(858, 'จีจี้ คลน่าร๊าก', '', '', 'ธัญรัตน์', 'แป้งจันทร์ฉาย', '', '', 'สุพรรณบุรี', '', '3642365791', 'ธนาคารไทยพาณิชย์ ', 866),
(859, 'ออฟ แว้แฉบ', '', '', 'ธเนศ', 'แซ่ฉั่ว', '', '', 'สมุทรปราการ', '', '6622272804', 'ธนาคารกสิกรไทย', 867),
(860, 'สิทธิพงษ์ โพธิ์ถาวร', '', '', 'สิทธิพงษ์', 'โพธิ์ถาวร', '', '', 'นนท์บุรี', '', '317-222394-8', 'ธนาคารไทยพาณิชย์ ', 868),
(861, 'Jun Ha', '', '', 'จิรศักดิ์', 'แม้นเนรมิตร', '', '', 'ประจวบคีรีขันธ์', '', '9560181092', 'ธนาคารกรุงไทย', 869),
(862, 'Chai Cfbt', '', '', 'นายลือชัย', 'บุญยะรังสรรค์', '', '', 'สุพรรณบุรี', '', '475-2-72715-0', 'ธนาคารกสิกรไทย', 870),
(863, 'aom-freedom nasai', '', '', 'อุดมโชค', 'ณ ไทร', '', '', 'นครปฐม', '', '1982051848', 'ธนาคารไทยพาณิชย์ ', 871),
(864, 'ภิญโญ จิววุฒิพงค์', '', '', 'ภิญโญ', 'จิววุฒิพงค์', '', '', 'สุราษฎร์ธานี', '', '345-2-25606-0', 'ธนาคารกสิกรไทย', 872),
(865, 'ลูกพ่อ นารอด', '', '', 'อมรเทพ', 'ทัดจันทึก', '', '', 'นครราชสีมา', '', '219-217287-0', 'ธนาคารไทยพาณิชย์ ', 873),
(866, 'จ่าปื๊ด สกายแล็ป', '', '', 'มนัส', 'สุวรรณพานิช', '', '', 'กรุงเทพ', '', '039-2-19110-2', 'ธนาคารทหารไทย', 874),
(867, 'Kittikorn Tubnen', '', '', 'กิตติกร', 'ทับเณร', '', '', 'นครปฐม', '', '4832201036', 'ธนาคารกสิกรไทย', 875),
(868, 'Aekkapat Naruchitkosin', '', '', 'เอกภัท', 'นฤชิตโกสิน', '', '', '', '', '402-744073-0', 'ธนาคารไทยพาณิชย์ ', 876),
(869, 'Zilang Chen fo bao', '', '', 'เต็ง ชุน ลุน', '', '', '', '', '', '498-2-29275-7', 'ธนาคารกสิกรไทย', 877),
(870, 'TThiam Mfd', '', '', 'ลิม คอย เทียม', '', '', '', '', '', '469-2-29772-0', 'ธนาคารกสิกรไทย', 878),
(871, 'พระเกจิ รวมพระเกจิ', '', '', 'นายเสริม', 'มะสีพันธ์', '', '', 'กรุงเทพมหานคร', '', '025-2-67040-8', 'ธนาคารกสิกรไทย', 879),
(872, 'Rat-Rojn Tangnualjan', '', '', 'รัชโรจน์', 'แตงนวลจันทร์', '', '', 'พระนครศรีอยุธยา', '', '258-1-15266-9', 'ธนาคารกรุงศรีอยุธยา', 880),
(873, 'สมนึก บุญฤทธิ์', '', '', 'สมนึก', 'บุญฤทธิ์', '', '', '', '', '012-213393-3', 'ธนาคารไทยพาณิชย์ ', 881),
(874, 'kumpol  suksomran', '', '', 'กำพล', 'สุขสำราญ', '', '', 'สิงห์บุรี', '', '6832325151', 'ธนาคารไทยพาณิชย์ ', 882),
(875, 'ขุนพลพิจิตร', '', '', 'มาโนช', 'พินโยยางค์', '', '', 'พิจิตร', '', '237-077048-5', 'ธนาคารกรุงเทพ', 883),
(876, 'ชุมพล ฉิมพัด', '', '', 'ชุมพล', 'ฉิมพัด', '', '', 'นนทบุรี', '', '1500645419', 'ธนาคารกรุงเทพ', 884),
(877, 'หริ่ง อีซูซุ พระเครื่อง สมุทรปราการ', '', '', 'พงศ์ศักดฺื', 'แซ่ลิ่ง', '', '', '', '', '9082155969', 'ธนาคารกสิกรไทย', 885),
(878, 'saksayam thanee', '', '', 'ศักดิ์สยาม', 'ธานี', '', '', 'กรุงเทพ', '', '8442058173', 'ธนาคารกสิกรไทย', 886),
(879, 'หยองสุพรรณ', '', '', 'สมชาย', 'โพธิ์งาม', '', '', 'สุพรรณบุรี', '', '7470247165', 'ธนาคารกรุงไทย', 887),
(880, 'นั้ม ลาดกระบัง', '', '', 'มานิตย์', 'ชาญนิรุติ', '', '', '', '', '200-202450-7', 'ธนาคารไทยพาณิชย์ ', 888),
(881, 'น้อย ฟาร์มเห็ด', '', '', 'พิเชษฐ์', 'เกาะแก้ว', '', '', 'สุพรรณฯ', '', '403-849030-4', 'ธนาคารไทยพาณิชย์ ', 889),
(882, 'stang Anaphat', '', '', 'นายอนพัช', 'ถาวรวสุ', '', '', 'สุพรรณบุรี', '', '7692289282', 'ธนาคารไทยพาณิชย์ ', 890),
(883, 'กาญจนา สว่างศรี', '', '', 'กาญจนา', 'สว่างศรี', '', '', 'สุพรรณบุรี', '', '066-7-05018-1', 'ธนาคารกรุงเทพ', 891),
(884, 'พิชัย ดวงสีเสน', '', '', 'พิชัย', 'ดวงสีเสน', '', '', 'นนทบุรี', '', '129-432061-7', 'ธนาคารกรุงเทพ', 892),
(885, 'ตราด ศิษย์หลวงปู่บัว', '', '', 'แพร', 'บุญเสริม', '', '', 'กรุงเทพมหานคร', '', '202368581', 'ธนาคารกสิกรไทย', 893),
(886, 'นายสามปรีชา พฤฒิโภคาปรีชา', '', '', 'นายสามปรีชา', 'พฤฒิโภคาปรีชา', '', '', 'กาญจนบุรี', '', '907 026442 0', 'ธนาคารกรุงเทพ', 894),
(887, 'นพดล วงษ์ศรีเสมา', '', '', 'นพดล', 'วงษ์ศรีเสมา', '', '', 'สุพรรณบุรี', '', '7110039810', 'ธนาคารกรุงเทพ', 895),
(888, 'ไก่ฟ้า พญาลอ', '', '', 'ภมรพล', 'สุนันทธนากุล', '', '', 'อ่างทอง', '', '725 2 36332 1', 'ธนาคารกสิกรไทย', 896),
(889, 'หล่อขั้นเทพ  สาวจีบตรึม รีเทิร์น', '', '', 'นายแพร', 'วงศ์เวียง', '', '', 'กรุงเทพ', '', '4690139284', 'ธนาคารกรุงเทพ', 897),
(890, 'เอกณัฏฐ์ ศิษย์สามสิบทัศ', '', '', 'เอกณัฏฐ์', 'เธียรชัยตระกูล', '', '', '', '', '5222252913', 'ธนาคารกสิกรไทย', 898),
(891, 'พันธุ์ พระใหม่', '', '', 'จีรพันธ์', 'วงศ์สุวรรณ', '', '', 'กรุงเทพ', '', '382-2-41957-6', 'ธนาคารกสิกรไทย', 899),
(892, 'Pawee Kuljan', '', '', 'ภาวี', 'กุลจันทร์', '', '', 'สุพรรณบุรี', '', '404-003243-5', 'ธนาคารไทยพาณิชย์ ', 900),
(893, 'ขจิตร สาระยิง', '', '', 'ขจิตร', 'สาระยิง', '', '', 'สมุทรปราการ', '', '123-0-08647-1', 'ธนาคารกรุงไทย', 901),
(894, 'ขอให้ความรักอยู่กับเราตลอดไป', '', '', 'นาย ปกาศิต', 'เศษรัตนา', '', '', 'ปทุมธานี', '', '332 251 1311', 'ธนาคารไทยพาณิชย์ ', 902),
(895, 'somsak  pakpein', '', '', 'สมศักดิ์', 'พากเพียร', '', '', 'สุพรรณบุรี', '', '317-223352-9', 'ธนาคารไทยพาณิชย์ ', 903),
(896, 'เสือประปา', '', '', 'นายขันติ', 'ขจรเนติกุล', '', '', 'สุพรรณบุรี', '', '7300201989', 'ธนาคารกรุงไทย', 904),
(897, 'tortragul  nildee', '', '', 'ต่อตระกูล', 'นิลดี', '', '', 'นครปฐม', '', '146-2-19263-9', 'ธนาคารกสิกรไทย', 905),
(898, 'Surachai. Wilailak', '', '', 'สุราชัย', 'วิไลลักษณ์', '', '', 'สุพรรณบุรี', '', '270205632', 'ธนาคารกรุงไทย', 906),
(899, 'hangbody Oo', '', '', 'จิรวัฒน์', 'บุญเรืองรอด', '', '', 'สุพรรณบุรี', '', '6442075504', 'ธนาคารกสิกรไทย', 907),
(900, 'หัสชัย ดีมั่น', '', '', 'หัสชัย ดีมั่น', 'ดีมั่น', '', '', 'ระยอง', '', '20044574141', 'ธนาคารออมสิน', 908),
(901, 'Tachin Tiamsakul', '', '', 'วิทวัส', 'หิรัญยกุล', '', '', 'อ่างทอง', '', '9462192073', 'ธนาคารไทยพาณิชย์ ', 909),
(902, 'Thanet Pao-In', '', '', 'ธเนตร', 'เปาอินทร์', '', '', 'สุพรรณบุรี', '', '1662342838', 'ธนาคารกสิกรไทย', 910),
(903, 'เบา เบา', '', '', 'นาย สมเกียรติ', 'สายสังข์', '', '', 'นนทบุรี', '', '078-1-35682-1', 'ธนาคารกรุงศรีอยุธยา', 911),
(904, 'Manut Choo', '', '', 'มนัส', 'ชูตระกูล', '', '', 'กรุงเทพ', '', '5732196759', 'ธนาคารกสิกรไทย', 912),
(905, 'มดแดง บุญอำพล', '', '', 'นาย อารมณ์', 'บุญอำพล', '', '', 'กรุงเทพ', '', '013-1-63939-0', 'ธนาคารกรุงไทย', 913),
(906, 'nanzii tann', '', '', 'นรรทพร', 'ตันเจริญ', '', '', 'กรุงเทพ', '', '7582199147', 'ธนาคารกสิกรไทย', 914),
(907, 'Peerapong Khlaysuban', '', '', 'พีระพงศ์', 'คล้ายสุบรรณ', '', '', 'กรุงเทพ', '', '1205405911', 'ธนาคารกรุงเทพ', 915),
(908, 'Bee Fulfillment', '', '', 'พัลลภ', 'จันทร์แก้ว', '', '', 'สมุทรสาคร', '', '403-900362-1', 'ธนาคารไทยพาณิชย์ ', 916),
(909, 'Prasit Raksarree', '', '', 'ประสิทธิ์', 'รักษาอารี', '', '', 'นครสวรรค์', '', ' 366-272206-2', 'ธนาคารไทยพาณิชย์ ', 917),
(910, 'Tekapol', '', '', 'ฑีฆพล', 'เสถียรพัฒนากูล', '', '', 'สุพรรณบุรี', '', '2814157901', 'ธนาคารกรุงเทพ', 918),
(911, 'อานนท์ นันโท', '', '', 'นายโสน', 'แกประโคน', '', '', 'กรุงเทพ', '', '20127961827', 'ธนาคารออมสิน', 919),
(912, 'Pack Kanlayanont', '', '', 'พิพัฒน์', 'กัลยานนท์', '', '', 'อาศัยอยู่ นครปฐม', '', '2232310100', 'ธนาคารไทยพาณิชย์ ', 920),
(913, 'เดชา  สาออน', '', '', 'เดชา', 'สาออน', '', '', 'สมุทรปราการ', '', '1675279150', 'ธนาคารกรุงเทพ', 921),
(914, ' Kittipat Charoen', '', '', 'กิตติภัท', 'เจริญ', '', '', 'ชัยนาท', '', '100-1-45159-7', 'ธนาคารกรุงศรีอยุธยา', 922),
(915, 'Anuchatee.  pongprai', '', '', 'อนุชาตรี', 'พงษ์ไพร', '', '', 'กาญจนบุรี', '', '1862231917', 'ธนาคารกสิกรไทย', 923),
(916, 'โอ๋ เมืองกาญจน์', '', '', 'นาย สมพร', 'อ่ำอ่อน', '', '', 'นครปฐม', '', '9600057745', 'ธนาคารกรุงไทย', 924),
(917, 'สังขยา ขนมปังปิ้ง', '', '', 'ปฐม', 'สุขเฉลิมชัย', '', '', 'นนทบุรี', '', '275-435469-0', 'ธนาคารกรุงเทพ', 925),
(918, 'Songkram Ungvattananont', '', '', 'สงคราม', 'อึ้งวัฒนานนท์', '', '', 'สุพรรณบุรี', '', '352 237 0581', 'ธนาคารไทยพาณิชย์ ', 926),
(919, 'Sopon  Laosomrungruang', '', '', 'นายโสภา', 'เล้าสมรุ่งเรือง', '', '', 'ปทุมธานี', '', '7330307130', 'ธนาคารกรุงไทย', 927),
(920, 'Gong Waterman', '', '', 'ฉัตรชัย', 'ธัญญเจริญ', '', '', 'อยุธยา', '', '3054194948', 'ธนาคารไทยพาณิชย์ ', 928),
(921, 'นันทวุฒิ บำรุงกิจ', '', '', 'นันทวุฒิ', 'บำรุงกิจ', '', '', 'กรุงเทพฯ', '', '747-2-21844-6', 'ธนาคารกสิกรไทย', 929),
(922, 'Jack Phuriwat', '', '', 'ภูริวัฒ', 'ธีระวุฒิกุล', '', '', 'สมุทรปราการ', '', '8952309812', 'ธนาคารกสิกรไทย', 930),
(923, 'Auanlek Neverdies', '', '', 'รุ่งศักดิ์', 'เริงสำราญ', '', '', '', '', '3882350400', 'ธนาคารกสิกรไทย', 931),
(924, 'Tong Bunphumi', '', '', 'พีรพัทธ์', 'บุญภูมีพงษ์', '', '', 'เพชรบูรณ์', '', '571-241771-9', 'ธนาคารไทยพาณิชย์ ', 932),
(925, 'ระเจดีย์', '', '', 'นาย   ธีระ', 'สิริพิชญานันท์', '', '', 'กรุงเทพ', '', '3882349348', 'ธนาคารกสิกรไทย', 933),
(926, 'I khun Serm', '', '', 'เสริมศักดิ์', 'ศรีเมือง', '', '', 'พระนครศรีอยุธยา', '', '7392303077', 'ธนาคารไทยพาณิชย์ ', 934),
(927, 'วันชัย ยกนาม', '', '', 'วันชัย', 'ยกนาม', '', '', 'สมุทรปราการ', '', '2540181503', 'ธนาคารกรุงไทย', 935),
(928, 'Oomii nirut', '', '', 'นิรุติ', 'แก้วประหลาด', '', '', 'สุพรรณบุรี', '', '982-8-24171-4', 'ธนาคารกรุงไทย', 936),
(929, 'พจน์ ดอนท่าไชย', '', '', 'สุพจน์', 'ชูชื่น', '', '', 'สุพรรบุรี', '', '405-439519-2', 'ธนาคารไทยพาณิชย์ ', 937),
(930, 'เอ๋ พระเครื่องฝั่งธน', '', '', 'ธิติพงศ์', 'เลิศปัญญาวนิชกุล', '', '', 'กรุงเทพมหานคร', '', '002 2 65878 6', 'ธนาคารกสิกรไทย', 938),
(931, ' นาย อัศนี', '', '', 'ศักดา', 'เสนศิริวงษ์', '', '', 'ระยอง', '', '815-256845-7', 'ธนาคารไทยพาณิชย์ ', 939),
(932, 'Audy Songsuwan', '', '', 'สุมณฑา', 'เหล็งเอี่ยม', '', '', 'สุพรรณบุรี', '', '9442105070', 'ธนาคารไทยพาณิชย์ ', 940),
(933, 'Seng Suwit', '', '', 'สุวิทย์', 'ธราธัชกุญชร', '', '', 'ปทุมธานี ', '', '2290541412', 'ธนาคารกรุงเทพ', 941),
(934, 'NUKUL BANPONG', '', '', 'นุกูล', 'แดงเครือ', '', '', 'นนทบุรี', '', '317-220018-6', 'ธนาคารไทยพาณิชย์ ', 942),
(935, 'bazz vovino', '', '', 'นายสมสิทธิ์', 'นันตาใหม่', '', '', 'กรุงเทพฯ', '', '176-2-16926-4', 'ธนาคารทหารไทย', 943),
(936, 'Ball No za', '', '', 'ประจักร', 'ยังจิตร', '', '', 'สมุทรสาคร', '', '782827318', 'ธนาคารกสิกรไทย', 944),
(937, 'Vichet Limchun', '', '', 'เกียรติพิพัฒน์', 'เที่ยงธรรม', '', '', 'กรุงเทพมหานคร', '', '095-2-90551-3', 'ธนาคารกสิกรไทย', 945),
(938, 'Pat Mtk', '', '', 'พิพัฒน์', 'มาแก', '', '', 'สุพรรณบุรี', '', '360145078', 'ธนาคารกรุงไทย', 946),
(939, 'nupop  kumlangsri', '', '', 'นายนุภพ', 'กำลังศรี', '', '', 'เชียงใหม่', '', '078-232638-2', 'ธนาคารไทยพาณิชย์ ', 947),
(940, 'Pirom Thundpao', '', '', 'ภิรมณ์', 'เถื่อนเภา', '', '', 'กรุงเทพฯ', '', '077-2-98919-9', 'ธนาคารกสิกรไทย', 948),
(941, 'Wasan Jitpayak', '', '', 'วสันต์', 'จิตพยัคฆ์', '', '', 'สุพรรณบุรี', '', '3902224725', 'ธนาคารกสิกรไทย', 949),
(942, 'ศักดิ์สิทธิ์ มีศรี', '', '', 'ศักดิ์สิทธิ์', 'มีศรี', '', '', 'สุรินทร์', '', '6890185785', 'ธนาคารกรุงเทพ', 950),
(943, 'จีรศักดิ์ คูหามณีรัตน์', '', '', 'นายจีรศักดิ์', 'คูหามณีรัตน์', '', '', 'กาญจนบุรี', '', '152-1-22592-0', 'ธนาคารกรุงศรีอยุธยา', 951),
(944, 'เนี้ยว คำไพเราะ', '', '', 'ชนุตร์', 'คำไพเราะ', '', '', 'สุพรรณบุรี', '', '712-218270-6', 'ธนาคารไทยพาณิชย์ ', 952),
(945, 'ผมมิกซ์ดอนทอง', '', '', 'นาย ปราโมทย์', 'ทองดอนจุย', '', '', 'นครปฐม', '', '403-669733-2', 'ธนาคารไทยพาณิชย์ ', 953),
(946, 'Sompong Makchay', '', '', 'นาย สมพงษ์', 'เมฆฉาย', '', '', 'เชียงใหม่', '', '3750490864', 'ธนาคารกรุงไทย', 954),
(947, 'sopon khaone', '', '', 'โสภณ', 'ขาวเน', '', '', 'สุพรรณบุรี', '', '4033533961', 'ธนาคารไทยพาณิชย์ ', 955),
(948, 'คนไม่สำคัญสำหรับเธอ', '', '', 'สุวิทย์', 'วาเหลา', '', '', 'ร้อยเอ็ด', '', '9070237178', 'ธนาคารกรุงเทพ', 956),
(949, 'รัตน์ ประเสริฐ', '', '', 'สมเกียรติ', 'รัตน์นิยมชัย', '', '', 'กาญจนบุรี', '', '6320103069', 'ธนาคารกรุงเทพ', 957),
(950, 'Insee Burapha', '', '', 'เกียรติศักดิ์', 'บุญถาวร', '', '', 'ชลบุรี', '', '437-2-22823-2', 'ธนาคารกสิกรไทย', 958),
(951, 'ชัยฤกษ์ สุจริต', '', '', 'ชัยฤกษ์', 'สุจริต', '', '', 'สุพรรณบุรี', '', '288-2-58173-2', 'ธนาคารกสิกรไทย', 959),
(952, 'Jack neverdie', '', '', 'เกรียงไกร', 'คุ่ยสมใจ', '', '', 'สุพรรณบุรี', '', '3902253709', 'ธนาคารกสิกรไทย', 960),
(953, 'NitrOu jz', '', '', 'ธนภัทร', 'กามล', '', '', 'กรุงเทพ', '', '134011622', 'ธนาคารไทยพาณิชย์ ', 961),
(954, 'สด ศิวกร รัตนวัน', '', '', 'ศิวกร', 'รัตนวัน', '', '', 'กรุงเทพมหานคร', '', '7112235104', 'ธนาคารกสิกรไทย', 962),
(955, 'Si Siriporn', '', '', 'ศิริพร', 'มาตร์ศรีพันธ์', '', '', 'สุพรรณบุรี', '', '1612289020', 'ธนาคารไทยพาณิชย์ ', 963),
(956, 'รวม  ศรีสุข', '', '', 'รวม', 'ศรีสุข', '', '', 'กรุงเทพ', '', '7972327195', 'ธนาคารกสิกรไทย', 964),
(957, 'Payong Boonruangrod', '', '', 'ประยงค์', 'บุญเรืองรอด', '', '', 'สุพรรณบุรี', '', '8962427294', 'ธนาคารกสิกรไทย', 965),
(958, 'พี่หนานฮ็อต ปิดทองหลังพระ (ศิษย์มีครู)', '', '', 'เกียรติรัตน์', 'กุลนิธิบดินทร์', '', '', 'ปทุมธานี', '', '4051507067', 'ธนาคารไทยพาณิชย์ ', 966),
(959, 'ธเนศ บัวเกิด', '', '', 'นาย ธเนศ', 'บัวเกิด', '', '', 'พิษณุโลก', '', '279 -5-24184-9', 'ธนาคารกรุงเทพ', 967),
(960, 'โร บิน ฮู้ด', '', '', 'ภิเศก', 'ขำรอด', '', '', 'กรุงเทพ', '', '174-0-00709-3', 'ธนาคารกรุงไทย', 968),
(961, 'ดอนเมือง อาร์มี่', '', '', 'ศักดิ์ดา', 'ใจน้ำ', '', '', 'กรุงเทพฯ', '', '105-230207-2', 'ธนาคารไทยพาณิชย์ ', 969),
(962, 'ษิณ สระแก้ว', '', '', 'ทักษิณ', 'กลางขอนนอก', '', '', 'กทม.', '', '', 'ธนาคารกรุงไทย', 970),
(963, 'ผมคือ นักดำ', '', '', 'อาเขตต์', 'พลฤทธิ์', '', '', 'สุพรรณบุรี', '', '7130521430', 'ธนาคารกรุงไทย', 971),
(964, 'momo momay momay', '', '', 'นางสาวเมธินีย์', 'ใจหาญ', '', '', 'ขอนแก่น', '', '3704240005', 'ธนาคารกรุงเทพ', 972),
(965, 'นที เทพสงวน', '', '', 'พ.จ.อ.นที', 'เทพสงวน', '', '', 'สมุทรปราการ', '', '115-2-02718-9', 'ธนาคารทหารไทย', 973),
(966, 'ร้านธนกรพระใหม่', '', '', 'นายธนกร', 'อำไพพันธุ์', '', '', 'นนทบุรี', '', '365-205-4999', 'ธนาคารไทยพาณิชย์ ', 974),
(967, 'Chaimongkol kaewsook', '', '', 'ชัยมงคล', 'แก้วสุก', '', '', 'เพชรบูรณ์', '', '8312736599', 'ธนาคารไทยพาณิชย์ ', 975),
(968, 'อภิวัฒน์  เจินกระโทก', '', '', 'อภิวัฒน์', 'เจินกระโทก', '', '', 'นครราชสีมา', '', '790-410910-2', 'ธนาคารไทยพาณิชย์ ', 976),
(969, 'กอล์ฟ หนองไผ่', '', '', 'สุเมธ', 'ศรีจันทร์', '', '', 'สุพรรณบุรี', '', '711-0-28108-6', 'ธนาคารกรุงไทย', 977),
(970, 'กู มัน จน  กุลนาแพง', '', '', 'นาย นิวัฒน์', 'กุลนาแพง', '', '', 'สุพรรณบุรี', '', '7100351057', 'ธนาคารกรุงไทย', 978),
(971, 'Payong Boonruangrod', '', '', 'ประยงค์', 'บุญเรืองรอด', '', '', 'สุพรรณบุรี', '', '7100251167', 'ธนาคารกรุงไทย', 979),
(972, 'Montichai  Araya', '', '', 'มลธิชัย', 'ไกรสยาม', '', '', 'นนทบุรี', '', '382-2-24547-0', 'ธนาคารกสิกรไทย', 980),
(973, 'มังกร พลัดถิ่น', '', '', 'นาย จเร', 'ศรีประสม', '', '', 'พระนครศรีอยุธยา', '', '986-2-16287-8', 'ธนาคารกสิกรไทย', 981),
(974, 'ป๋าอาร์ม พระเครื่อง', '', '', 'กฤตพงศ์', 'ศรีละคร', '', '', 'กรุงเทพ', '', '730-2-89457-9', 'ธนาคารกสิกรไทย', 982),
(975, 'Natt Suesat', '', '', 'นาย วิชัย', 'ซื่อสัตย์', '', '', 'กรุงเทพฯ', '', '4222622323', 'ธนาคารกสิกรไทย', 983),
(976, 'Dam Luy', '', '', 'นายสุนันตชัย', 'หลุ่ยจิ๋ว', '', '', 'นครศรีธรรมราช', '', '5500526362', 'ธนาคารกรุงเทพ', 984),
(977, 'นก  คีรีบูน', '', '', 'โรม', 'เขียวสุภาพ', '', '', 'สมุทรปราการ', '', '3432309337', 'ธนาคารไทยพาณิชย์ ', 985),
(978, 'Aofz ketsri', '', '', 'บัณฑิต', 'เกษศรี', '', '', 'สุพรรณบุรี', '', '389-702-7052', 'ธนาคารกรุงเทพ', 986),
(979, 'สมศักดิ์ สำรวมธรรม', '', '', 'สมศักดิ์', 'สำรวมธรรม', '', '', 'เลย', '', '770-0-13383-3', 'ธนาคารกรุงเทพ', 987),
(980, 'Aladin The-godfather', '', '', 'นายศุภชัย', 'เปมะเสถียร', '', '', 'นครสวรรค์', '', '9912163048', 'ธนาคารกสิกรไทย', 988),
(981, 'https://www.facebook.com/srayuth.tpbs', '', '', 'สรายุทธ์', 'หฤทัย', '', '', 'ปทุมธานี', '', '6900012728', 'ธนาคารกรุงไทย', 989),
(982, 'witver lovelove', '', '', 'วิทวัส', 'รัตนบุรี', '', '', 'พระนครศรีอยุธยา', '', '4880290319', 'ธนาคารกรุงไทย', 990),
(983, 'Nui Thep', '', '', 'พรเทพ', 'เทพประสิทธิ์', '', '', 'กรุงเทพ', '', '193-2-06905-5', 'ธนาคารทหารไทย', 991),
(984, 'bob.reung', '', '', 'ธเนศ', 'เรืองวิวัฒนพันธุ์', '', '', 'กรุงเทพ', '', '442524475', 'ธนาคารกสิกรไทย', 992),
(985, 'Nakorn machauy', '', '', 'นายนคร', 'มาช่วย', '', '', 'นนทบุรี', '', '350012768', 'ธนาคารกรุงไทย', 993),
(986, 'Ton Thanakit', '', '', 'ธนกฤต', 'วโรตนม์', '', '', 'อ่างทอง', '', '3840575330', 'ธนาคารกรุงเทพ', 994),
(987, 'kwanchai suriyon', '', '', 'ขวัญชัย', 'สุริยนต์', '', '', 'สุพรรณบุรี', '', '20101138822', 'ธนาคารออมสิน', 995),
(988, 'Watcharakon Chimphan', '', '', 'วัชรากร', 'ฉิมพันธ์', '', '', 'สุพรรณยุรี', '', '783-2-14313-2', 'ธนาคารกสิกรไทย', 996),
(989, 'Moo sumroeng', '', '', 'สำเริง', 'จันทร์พวง', '', '', 'สุพรรณบุรี', '', '3902299962', 'ธนาคารกสิกรไทย', 997),
(990, 'ฅนสุพรรณ มันจริงใจ', '', '', 'สายันต์', 'มังกร', '', '', 'พระนครศรีอยุธยา', '', '5622200459', 'ธนาคารกสิกรไทย', 998),
(991, 'โก๋ บ้านกร่าง', '', '', 'สมพร', 'โพธิ์อ้น', '', '', 'สุพรรณบุรี', '', '5622200454', 'ธนาคารกสิกรไทย', 999),
(992, 'ดุ๊ก  เอง', '', '', 'ชัยวัฒน์', 'ภูผา', '', '', 'สุพรรณบุรี', '', '4042169929', 'ธนาคารไทยพาณิชย์ ', 1000),
(993, 'kob za', '', '', 'นาย สุรชัย', 'กรุดอินทร', '', '', 'ลพบุรี', '', '734983547', 'ธนาคารกรุงเทพ', 1001),
(994, 'หงส์แดงเว้ย อา.ตือ.ยุธยา', '', '', 'ชัยณรงค์', 'งามสมเสพ', '', '', 'อยุธยา', '', '1421014947', 'ธนาคารกรุงไทย', 1002),
(995, 'Sompop wongmadit', '', '', 'สมภพ', 'วงษ์มาดิษฐ', '', '', 'สุพรรณบุรี', '', '9140139453', 'ธนาคารกรุงเทพ', 1003),
(996, 'ฮักพาเพลิน', '', '', 'นคเรศ', 'เอื้อจิรกาล', '', '', 'กรุงเทพ', '', '942590393', 'ธนาคารกสิกรไทย', 1004),
(997, 'Kajonsak Luerounya ( Kai noi)', '', '', 'kajonsak', 'luerpunya', '', '', 'พระนครศรีอยุธยา', '', '574-268727-3', 'ธนาคารไทยพาณิชย์ ', 1005),
(998, 'Ponrob Ricebery Rianthong', '', '', 'พลรบ', 'เหรียญทอง', '', '', 'สุพรรณบุรี', '', '20006207771', 'ธนาคารออมสิน', 1006),
(999, 'Wandee club', '', '', 'นาย ทวีศักดิ์', 'กองพลพรหม', '', '', 'สมุทรปราการ', '', '216 0 48930 4', 'ธนาคารกรุงเทพ', 1007),
(1000, 'สุทธิศักดิ์ ขุนหมื่น', '', '', 'สุทธิศักดิ์', 'ขุนหมื่น', '', '', 'กาญจนบุรี', '', '714-0-31798-4', 'ธนาคารกรุงไทย', 1008),
(1001, 'ไชยา บัวทิพย์', '', '', 'ไชยา', 'บัวทิพย์', '', '', 'อุบลราชธานี', '', '015-0-15014-8', 'ธนาคารกรุงไทย', 1009),
(1002, 'SUKANYA SASUPAN', '', '', 'สุกัญญา', 'สะสุพันธ์', '', '', 'สุพรรณบุรี', '', '186-220317-5', 'ธนาคารไทยพาณิชย์ ', 1010),
(1003, 'Sujin Saeong', '', '', ' สุจิน', 'แซ่อึ้ง', '', '', 'นนทบุรี', '', '210-049911-6', 'ธนาคารกรุงเทพ', 1011),
(1004, 'เสริมศักดิ์สส', '', '', 'เสริมศักดิ์', 'สุขสา', '', '', 'กาญจนบุรี', '', '7432331128', 'ธนาคารกสิกรไทย', 1012),
(1005, 'bird bird', '', '', 'กิติพร', 'เฮงสว่าง', '', '', '', '', '4982587412', 'ธนาคารกสิกรไทย', 1013),
(1006, 'mhoo Hun', '', '', 'ไกรจักร', 'แก้วประเสริฐ', '', '', 'นครศรีธรรมราช', '', '1522172460', 'ธนาคารไทยพาณิชย์ ', 1014),
(1007, 'Phap gunner', '', '', 'อานุภาพ', 'ปาลวัฒน์', '', '', 'กรุงเทพ', '', '635-2-25512-0', 'ธนาคารกสิกรไทย', 1015),
(1008, 'หนุ่ม  สุพรรณ', '', '', 'หิรัญ', 'มีศรี', '', '', 'สุพรรณบุรี', '', '6880041396', 'ธนาคารกรุงไทย', 1016),
(1009, 'Ratchapong Triphobsuwan', '', '', 'รัชต์พงษ์', 'ไตรภพสุวรรณ', '', '', 'ชลบุรี', '', '1172249017', 'ธนาคารกสิกรไทย', 1017),
(1010, 'บอสซ่า บางนา', '', '', 'นายบุญเกิด', 'ทีภูเขียว', '', '', 'กรุงเทพ', '', '760266494', 'ธนาคารกรุงเทพ', 1018),
(1011, 'Teerapon Keawkumnerd', '', '', 'ธีรพล', 'แก้วกำเนิด', '', '', 'สุพรรณบุรี', '', '1440347018', 'ธนาคารกรุงไทย', 1019),
(1012, 'Num Khanchai', '', '', 'ขรรค์ชัย', 'คล้ายเครื่อง', '', '', 'สิงห์บุรี', '', '4027136666', 'ธนาคารไทยพาณิชย์ ', 1020),
(1013, 'Bugmann', '', '', 'กฤษดา', 'จันทร์มณี', '', '', ' กรุงเทพฯ', '', '242485985', 'ธนาคารกสิกรไทย', 1021),
(1014, 'oromo plaza', '', '', 'นายบัณฑิต', 'เภาด้วง', '', '', 'ลพบุรี', '', '5541195212', 'ธนาคารกรุงศรีอยุธยา', 1022),
(1015, 'ฉีแร๊พเตอร์ ศรัทธาพระ', '', '', 'นายวิชาญ', 'ปะนะทัง', '', '', 'ปทุมธานี', '', '2932047895', 'ธนาคารไทยพาณิชย์ ', 1023),
(1016, 'Ket SudketPol-in', '', '', 'สุดเขต', 'พลอินทร์', '', '', 'ชลบุรี', '', '7510100852', 'ธนาคารกรุงไทย', 1024),
(1017, 'Nutawut Tanay', '', '', 'นายณัทฐวรรธนยชญ์', 'วัลมาลี', '', '', 'สุพรรณบุรี', '', '4037149722', 'ธนาคารไทยพาณิชย์ ', 1025),
(1018, 'Sanga maneenak', '', '', 'นายสง่า', 'มณีนาค', '', '', 'กรุงเทพ', '', '982-3283-273', 'ธนาคารกรุงไทย', 1026),
(1019, 'Keat TNsuphanburi', '', '', 'สมเกียรติ', 'เกษประทุม', '', '', 'สุพรรณบุรี', '', '4041917002', 'ธนาคารไทยพาณิชย์ ', 1027),
(1020, 'Tanongsak Tbk-pp', '', '', 'ทนงค์ศักดิ์', 'ชาวบ้านกร่าง', '', '', 'สุพรรณ', '', '170281620', 'ธนาคารกรุงเทพ', 1028),
(1021, 'Nawaphon Raksat', '', '', 'นวพล', 'รักสัตย์', '', '', 'ลำปาง', '', '6672850798', 'ธนาคารไทยพาณิชย์ ', 1029),
(1022, 'พีรณพ มนต์ชัยกุล', '', '', 'พีรณพ', 'ทรต์ชัยกุล', '', '', 'นนทบุรี ', '', '2802778166', 'ธนาคารกสิกรไทย', 1031),
(1023, 'Deachatorn Meemakbang', '', '', 'เดชาธร', 'มีมากบาง', '', '', 'สุพรรณบุรี', '', '513-2-08971-1', 'ธนาคารกสิกรไทย', 1032),
(1024, 'ประกายเลิศ กลั่นแก้ว', '', '', 'ประกายเลิศ', 'กลั่นแก้ว', '', '', 'นนทบุรี', '', '940137623', 'ธนาคารกรุงเทพ', 1033),
(1025, 'โอภาส เฉลิมภาค', '', '', 'โอภาส', 'เฉลิมภาค', '', '', 'ราชบุรี', '', '7090165379', 'ธนาคารกรุงเทพ', 1034),
(1026, 'ปิติชัย เอมสมบุญ', '', '', 'ปิติชัย', 'เอมสมบุญ', '', '', 'นนทบุรี', '', '1612271750', 'ธนาคารไทยพาณิชย์ ', 1035),
(1027, 'Eak Samoo', '', '', 'เอก', 'โคบุตร', '', '', 'กรุงเทพ', '', '5.57755E+15', 'ธนาคารไทยพาณิชย์ ', 1036),
(1028, 'Nattee  Suphan  Fc', '', '', 'ณัฐที', 'จันทร์เพ็ญ', '', '', 'สุพรรณบุรี', '', '662524741', 'ธนาคารไทยพาณิชย์ ', 1037),
(1029, 'รุ่ง สาธุประดิษ', '', '', 'นาย กัณตภณ', 'เหมือนจินดา', '', '', 'ลพบุรี', '', '60014982', 'ธนาคารกรุงเทพ', 1038),
(1030, 'ธนะ จิตต์กระจ่าง', '', '', 'ธนะ', 'จิตต์กระจ่าง', '', '', 'นครปฐม', '', '7692294732', 'ธนาคารไทยพาณิชย์ ', 1039),
(1031, 'เอกอนันต์ วงศ์จตุพัฒน์', '', '', 'เอกอนันต์', 'วงศ์จตุพัฒน์', '', '', 'สุพรรณบุรี', '', '201-2-63518-7', 'ธนาคารกสิกรไทย', 1040),
(1032, 'นุอินดี้ อินดี้สุดปิ๊ด', '', '', 'กนกพล', 'โทบุรี', '', '', 'กรุงเทพ', '', '399-2-359541', 'ธนาคารทหารไทย', 1041),
(1033, 'Arm so', '', '', 'นายณัฐพล', 'โสมาบุตร', '', '', 'ชัยภูมิ', '', '3420224133', 'ธนาคารกรุงไทย', 1042),
(1034, 'Manoch Iamsakul', '', '', 'นาย มาโนช', 'เอี่ยมสกุล', '', '', 'สุพรรณบุรี', '', '638-2-01340-4', 'ธนาคารกสิกรไทย', 1043),
(1035, 'ชีวิตในความทรงจำ ไม่มีวันตาย', '', '', 'ชัยอนงค์', 'โพธิ์บุญปลูก', '', '', 'สุพรรณบุรี', '', '7832031644', 'ธนาคารกสิกรไทย', 1044),
(1036, 'naris wongrieanthong', '', '', 'นริศ', 'วงษ์เหรียญทอง', '', '', 'นนทบุรี', '', '3882007577', 'ธนาคารไทยพาณิชย์ ', 1045),
(1037, 'Thanate Eakoraphan', '', '', 'ธเนศร์', 'เอกอรพรรณ', '', '', 'ปทุมธานี', '', '8922217840', 'ธนาคารกสิกรไทย', 1046),
(1038, 'kunakon Sriloy', '', '', 'คุณากร', 'ศรีลอย', '', '', 'พิจิตร', '', '769-246581-2', 'ธนาคารไทยพาณิชย์ ', 1047),
(1039, 'Joke Red''s Crew', '', '', 'วังสิทธิ์', 'โตสม', '', '', 'กรุงเทพ', '', '1712409732', 'ธนาคารไทยพาณิชย์ ', 1048),
(1040, 'โจ นาเพียง คนเลี้ยงวัว', '', '', 'เกรียงศักดิ์', 'เพริดพราว', '', '', 'กาฬสินธุ์', '', '8252086944', 'ธนาคารกสิกรไทย', 1049),
(1041, 'Pankarn Pan-in', '', '', 'แผนการ', 'ปานอินทร์', '', '', 'สมุทรปราการ', '', '2460379560', 'ธนาคารกรุงไทย', 1050),
(1042, 'Phataraphong Wongmadit', '', '', 'ภัทรพงศ์', 'วงษ์มาดิษฐ์', '', '', 'สุพรรณบุรี', '', '201-2-68339-4', 'ธนาคารกสิกรไทย', 1051),
(1043, 'Jate Silakankun', '', '', 'พอเจตร์', 'ศิลาการกุล', '', '', 'สุพรรณบุรี', '', '6832449175', 'ธนาคารไทยพาณิชย์ ', 1052),
(1044, 'Chokanan Sansakorn', '', '', 'นายโชคอนันต์', 'แสนสาคร', '', '', 'กรุงเทพมหานคร', '', '1972026447', 'ธนาคารไทยพาณิชย์ ', 1053),
(1045, 'Pong Thana', '', '', 'นายธนพงษ์', 'สิริพรวิทยา', '', '', 'เพชรบุรี', '', '7310412346', 'ธนาคารกรุงไทย', 1054),
(1046, 'เสรี ปวงชน', '', '', 'เฉลิม', 'สีทน', '', '', 'สุพรรณบุรี', '', '20068250651', 'ธนาคารออมสิน', 1055),
(1047, 'Zamaxx kpd', '', '', 'กรัณภัก', 'กาฬภักดี', '', '', 'จ.สุพรรณบุรี', '', '2882576445', 'ธนาคารกสิกรไทย', 1056),
(1048, 'พิเชษฐ นุชสวาท', '', '', 'นายพิเชษฐ', 'นุชสวาท', '', '', 'สุพรรณบุรี', '', '9442184927', 'ธนาคารไทยพาณิชย์ ', 1057),
(1049, 'ลภ สุพรรณ', '', '', 'วัลลภ', 'มาแก', '', '', 'สุพรรณบุรี', '', '2600133887', 'ธนาคารกรุงไทย', 1058),
(1050, 'Wonteen jang', '', '', 'กำพล', 'วัชรวิบูลย์ชัย', '', '', 'กรุงเทพ', '', '642828878', 'ธนาคารกสิกรไทย', 1059),
(1051, 'ตูน รถถัง ยางตัน', '', '', 'อานนท์', 'เพลิงเทียน', '', '', 'สมุทรสาคร', '', '368-6-04263-0', 'ธนาคารธนชาติ', 1060),
(1052, 'พระเสื้อเมือง พระทรงเมือง', '', '', 'ประพันธ์ศักดิ์', 'วังสรานนท์', '', '', 'กรุงเทพ', '', '539-2-40105-2', 'ธนาคารกสิกรไทย', 1061),
(1053, 'Api Piya', '', '', 'อภิชาติ', 'ปิยะศุภฤกษ์', '', '', ' ขอนเเก่น', '', '1122 702 509', 'ธนาคารกสิกรไทย', 1062),
(1054, 'ไอเซ็น สิงห์', '', '', 'อภิเชษฐ', 'สิงเอม', '', '', 'นนทบุรี', '', '008-1-69186-6', 'ธนาคารกรุงไทย', 1063),
(1055, 'Anun Udompoonsin', '', '', 'อนันต์', 'อุดมพูนสิน', '', '', 'สุพรรณบุรี', '', '346-2-20623-2', 'ธนาคารธนชาต', 1064),
(1056, 'อาร์ต. วันลภ', '', '', 'วัลลภ', 'วังนุราช', '', '', '', '', '8482270499', 'ธนาคารไทยพาณิชย์ ', 1065),
(1057, 'เสือสาว สุพรรณบุรี', '', '', 'วิมล', 'รสชเอม', '', '', 'สุพรรณบุรี', '', '8312763790', 'ธนาคารไทยพาณิชย์ ', 1066),
(1058, 'กิตติกุล จารุจินดา', '', '', 'กิตติกุล', 'จารุจินดา', '', '', 'กรุงเทพ', '', '32259679', 'ธนาคารกสิกรไทย', 1067),
(1059, 'Tanachot Songklao', '', '', 'ธนโชติ', 'ทรงเกล้า', '', '', '', '', '2172327898', 'ธนาคารทหารไทย', 1068);

-- --------------------------------------------------------

--
-- Table structure for table `tb_tag`
--

CREATE TABLE IF NOT EXISTS `tb_tag` (
  `id` int(11) NOT NULL,
  `tagName` varchar(20) COLLATE utf8_unicode_ci NOT NULL
) ENGINE=InnoDB DEFAULT CHARSET=utf8 COLLATE=utf8_unicode_ci;

-- --------------------------------------------------------

--
-- Table structure for table `tb_user`
--

CREATE TABLE IF NOT EXISTS `tb_user` (
  `id` int(11) NOT NULL,
  `username` varchar(20) COLLATE utf8_unicode_ci NOT NULL,
  `password` varchar(20) COLLATE utf8_unicode_ci NOT NULL,
  `email` varchar(50) COLLATE utf8_unicode_ci NOT NULL,
  `phone` varchar(20) COLLATE utf8_unicode_ci NOT NULL
) ENGINE=InnoDB DEFAULT CHARSET=utf8 COLLATE=utf8_unicode_ci;

--
-- Indexes for dumped tables
--

--
-- Indexes for table `tb_group`
--
ALTER TABLE `tb_group`
  ADD PRIMARY KEY (`id`);

--
-- Indexes for table `tb_group_member_mapping`
--
ALTER TABLE `tb_group_member_mapping`
  ADD PRIMARY KEY (`id`),
  ADD KEY `member_id` (`member_id`,`group_id`),
  ADD KEY `group_id` (`group_id`);

--
-- Indexes for table `tb_item`
--
ALTER TABLE `tb_item`
  ADD PRIMARY KEY (`id`),
  ADD KEY `group_id` (`group_id`,`item_type_id`),
  ADD KEY `item_type_id` (`item_type_id`);

--
-- Indexes for table `tb_item_type`
--
ALTER TABLE `tb_item_type`
  ADD PRIMARY KEY (`id`),
  ADD KEY `group_id` (`group_id`);

--
-- Indexes for table `tb_member`
--
ALTER TABLE `tb_member`
  ADD PRIMARY KEY (`id`);

--
-- Indexes for table `tb_tag`
--
ALTER TABLE `tb_tag`
  ADD PRIMARY KEY (`id`);

--
-- Indexes for table `tb_user`
--
ALTER TABLE `tb_user`
  ADD PRIMARY KEY (`id`);

--
-- AUTO_INCREMENT for dumped tables
--

--
-- AUTO_INCREMENT for table `tb_group`
--
ALTER TABLE `tb_group`
  MODIFY `id` int(11) NOT NULL AUTO_INCREMENT,AUTO_INCREMENT=2;
--
-- AUTO_INCREMENT for table `tb_group_member_mapping`
--
ALTER TABLE `tb_group_member_mapping`
  MODIFY `id` int(11) NOT NULL AUTO_INCREMENT,AUTO_INCREMENT=1062;
--
-- AUTO_INCREMENT for table `tb_item`
--
ALTER TABLE `tb_item`
  MODIFY `id` int(11) NOT NULL AUTO_INCREMENT,AUTO_INCREMENT=5;
--
-- AUTO_INCREMENT for table `tb_item_type`
--
ALTER TABLE `tb_item_type`
  MODIFY `id` int(11) NOT NULL AUTO_INCREMENT,AUTO_INCREMENT=5;
--
-- AUTO_INCREMENT for table `tb_member`
--
ALTER TABLE `tb_member`
  MODIFY `id` int(11) NOT NULL AUTO_INCREMENT,AUTO_INCREMENT=1060;
--
-- AUTO_INCREMENT for table `tb_tag`
--
ALTER TABLE `tb_tag`
  MODIFY `id` int(11) NOT NULL AUTO_INCREMENT;
--
-- AUTO_INCREMENT for table `tb_user`
--
ALTER TABLE `tb_user`
  MODIFY `id` int(11) NOT NULL AUTO_INCREMENT;
--
-- Constraints for dumped tables
--

--
-- Constraints for table `tb_group_member_mapping`
--
ALTER TABLE `tb_group_member_mapping`
  ADD CONSTRAINT `tb_group_member_mapping_ibfk_1` FOREIGN KEY (`group_id`) REFERENCES `tb_group` (`id`);

--
-- Constraints for table `tb_item`
--
ALTER TABLE `tb_item`
  ADD CONSTRAINT `tb_item_ibfk_1` FOREIGN KEY (`item_type_id`) REFERENCES `tb_item_type` (`id`),
  ADD CONSTRAINT `tb_item_ibfk_2` FOREIGN KEY (`group_id`) REFERENCES `tb_group` (`id`);

--
-- Constraints for table `tb_item_type`
--
ALTER TABLE `tb_item_type`
  ADD CONSTRAINT `tb_item_type_ibfk_1` FOREIGN KEY (`group_id`) REFERENCES `tb_group` (`id`);

/*!40101 SET CHARACTER_SET_CLIENT=@OLD_CHARACTER_SET_CLIENT */;
/*!40101 SET CHARACTER_SET_RESULTS=@OLD_CHARACTER_SET_RESULTS */;
/*!40101 SET COLLATION_CONNECTION=@OLD_COLLATION_CONNECTION */;
